id_candidato;nm_candidato;ds_cargo;sg_partido;ds_genero;ds_cor_raca
190002544935;DAVI FERREIRA;DEPUTADO ESTADUAL;PODE;MASCULINO;PARDA
190002548277;PAULO SERGIO LOUBACK;DEPUTADO ESTADUAL;DC;MASCULINO;BRANCA
190002537740;MARCOS JUNIOR SOUZA DOS SANTOS;DEPUTADO ESTADUAL;PSB;MASCULINO;PRETA
190002538418;VANESSA MONTEIRO MARQUES;DEPUTADO FEDERAL;PSB;FEMININO;PRETA
190002550503;JULIANA DA CAMARA TORRES BENICIO;DEPUTADO FEDERAL;PSDB;FEMININO;BRANCA
190002532801;KEILA GOMES PRADO;DEPUTADO FEDERAL;PL;FEMININO;PARDA
190002533686;JORGE MIGUEL FELIPPE POYARES BETHLEM;DEPUTADO ESTADUAL;PL;MASCULINO;BRANCA
190002532818;ANTONIO DA LUZ FURTADO;DEPUTADO FEDERAL;PL;MASCULINO;BRANCA
190002532820;RAFAEL SILVA FERREIRA DE LIMA;DEPUTADO FEDERAL;PL;MASCULINO;PRETA
190002533432;RODRIGO JARDIM ASCOLY;DEPUTADO ESTADUAL;PL;MASCULINO;BRANCA
190002539338;VANDREA DOS SANTOS STEFFAN;DEPUTADO FEDERAL;MDB;FEMININO;BRANCA
190002543004;JOSUE DIAS FROTA DA SILVA;DEPUTADO ESTADUAL;REPUBLICANOS;MASCULINO;BRANCA
190002532802;HAZENCLEVER LOPES CANCADO;DEPUTADO FEDERAL;PL;MASCULINO;PARDA
190002537175;VIVIANE BATISTA CARVALHO DA SILVA;DEPUTADO FEDERAL;AVANTE;FEMININO;PARDA
190002538008;LEONARDO AFFONSO DANTAS DOS SANTOS;DEPUTADO ESTADUAL;PSD;MASCULINO;BRANCA
190002551531;PAULO ROBERTO SATURNINO;DEPUTADO FEDERAL;DEMOCRATA;MASCULINO;PRETA
190002550506;ANDERSON REIS DE ALMEIDA;DEPUTADO FEDERAL;PSDB;MASCULINO;BRANCA
190002532830;PATRICIA DE PAIVA AGUIAR;DEPUTADO FEDERAL;PL;FEMININO;BRANCA
190002548302;ANTONIO MACHADO EVANGELHO;DEPUTADO ESTADUAL;DC;MASCULINO;BRANCA
190002538419;BARBARA CRISTINA TEIXEIRA DE OLIVEIRA;DEPUTADO FEDERAL;PSB;FEMININO;PARDA
190002534683;FABIANE RODRIGUES TORRES;DEPUTADO ESTADUAL;NOVO;FEMININO;BRANCA
190002548584;DOUGLAS AGUIAR ANDRADE;DEPUTADO FEDERAL;PODE;MASCULINO;BRANCA
190002543910;VINICIUS DOS SANTOS PRUDENCIO;DEPUTADO FEDERAL;DC;MASCULINO;PARDA
190002534852;LAURO CESAR BOTTO MAIA;DEPUTADO FEDERAL;SOLIDARIEDADE;MASCULINO;BRANCA
190002538441;ANTONIO MARCOS DE SOUZA;DEPUTADO FEDERAL;PSB;MASCULINO;BRANCA
190002538826;MARCUS VINICIUS DE ALMEIDA BRAGA;DEPUTADO ESTADUAL;MDB;MASCULINO;BRANCA
190002548262;FRANCISCO DE PAULA PEREIRA TRINDADE;DEPUTADO ESTADUAL;DC;MASCULINO;BRANCA
190002536148;FERNANDO DO NASCIMENTO;DEPUTADO FEDERAL;PSOL;MASCULINO;PRETA
190002534709;LUANA GOUVEA LEITE DEFAVERI;DEPUTADO ESTADUAL;NOVO;FEMININO;BRANCA
190002538838;MELL DO CARMO;DEPUTADO ESTADUAL;MDB;FEMININO;PARDA
190002554139;SARAH PONCIO SILVA DE SOUZA;DEPUTADO FEDERAL;SOLIDARIEDADE;FEMININO;BRANCA
190002543287;THIAGO LESSA ANTUNES;DEPUTADO FEDERAL;PODE;MASCULINO;BRANCA
190002541658;RAFAEL CARNEIRO MONTEIRO PICCIANI;DEPUTADO ESTADUAL;UNIÃO;MASCULINO;BRANCA
190002533699;MARCELO DE MENEZES NOGUEIRA;DEPUTADO ESTADUAL;PL;MASCULINO;BRANCA
190002534728;JANIO CORREA DOS SANTOS;DEPUTADO ESTADUAL;NOVO;MASCULINO;PARDA
190002534729;LUCIO DUARTE DE OLIVEIRA;DEPUTADO ESTADUAL;NOVO;MASCULINO;PARDA
190002536111;MONICA SUZANA BARBOSA DA SILVA;DEPUTADO ESTADUAL;PSOL;FEMININO;PRETA
190002550282;JULIO CESAR SANTOS DE MENEZES;DEPUTADO ESTADUAL;PSDB;MASCULINO;PARDA
190002544944;KELLY CHRISTIAN SILVEIRA DE MATTOS;DEPUTADO ESTADUAL;PODE;FEMININO;BRANCA
190002544915;ANTONIO MARTINS DOS SANTOS;DEPUTADO ESTADUAL;PODE;MASCULINO;PRETA
190002547195;RENATO FERNANDES DE PAULO;DEPUTADO ESTADUAL;MOBILIZA;MASCULINO;PRETA
190002539675;RICARDO DA SILVA PEREIRA;DEPUTADO FEDERAL;PDT;MASCULINO;BRANCA
190002543380;EDUARDO DA COSTA PAES;GOVERNADOR;PSD;MASCULINO;BRANCA
190002533679;RODRIGO FARIAS RODRIGUES;DEPUTADO ESTADUAL;PL;MASCULINO;BRANCA
190002538622;DIANA LIMA DOS SANTOS;DEPUTADO ESTADUAL;AVANTE;FEMININO;PARDA
190002536159;RICARDO CARDOSO AZEVEDO;DEPUTADO FEDERAL;PSOL;MASCULINO;PRETA
190002536120;RENATA DA SILVA SOUZA;DEPUTADO ESTADUAL;PSOL;FEMININO;PRETA
190002550263;ADILSON DE MEDEIROS PAIXAO JUNIOR;DEPUTADO ESTADUAL;PSDB;MASCULINO;BRANCA
190002542887;DOUGLAS RUAS DOS SANTOS;GOVERNADOR;PL;MASCULINO;BRANCA
190002536552;EDER COSTA FERNANDES;DEPUTADO ESTADUAL;AGIR;MASCULINO;BRANCA
190002536573;MARCUS VINICIUS MARCHESANO FERREIRA;DEPUTADO ESTADUAL;AGIR;MASCULINO;BRANCA
190002538837;SONIA MARIA LOURENCO DA SILVA;DEPUTADO ESTADUAL;MDB;FEMININO;PRETA
190002550298;DIEGO JOSE ALBA TABOADA;DEPUTADO ESTADUAL;PSDB;MASCULINO;BRANCA
190002537148;WILLIAN CARVALHO DOS SANTOS;DEPUTADO FEDERAL;AVANTE;MASCULINO;BRANCA
190002545553;MARCOS DIAS PEREIRA;SENADOR;PODE;MASCULINO;BRANCA
190002550512;MARIO REIS ESTEVES;DEPUTADO FEDERAL;PSDB;MASCULINO;BRANCA
190002532814;ADRIANA XAVIER DA MATTA;DEPUTADO FEDERAL;PL;FEMININO;BRANCA
190002537600;TIAGO SOARES FERNANDES;DEPUTADO FEDERAL;PSB;MASCULINO;PARDA
190002534056;LEANDRO RUFINO MARQUES;DEPUTADO ESTADUAL;SOLIDARIEDADE;MASCULINO;PARDA
190002540162;VANDO RAIMUNDO DA LUZ;DEPUTADO FEDERAL;PSD;MASCULINO;PRETA
190002538039;ATILA NUNES PEREIRA FILHO;DEPUTADO ESTADUAL;PSD;MASCULINO;BRANCA
190002542978;WALCYSNEU CARLOS MACEDO DE OLIVEIRA;DEPUTADO ESTADUAL;REPUBLICANOS;MASCULINO;BRANCA
190002543016;CLAUDIO LUIZ VELLOSO BARBOSA;DEPUTADO ESTADUAL;REPUBLICANOS;MASCULINO;BRANCA
190002543027;HUGO RODRIGUES;DEPUTADO ESTADUAL;REPUBLICANOS;MASCULINO;PARDA
190002538436;SANDRA MARIA DOS SANTOS TEIXEIRA;DEPUTADO FEDERAL;PSB;FEMININO;PARDA
190002537786;ELI DIAS PEREIRA;DEPUTADO ESTADUAL;PSB;FEMININO;PARDA
190002543029;DENISE DE OLIVEIRA CORDEIRO;DEPUTADO ESTADUAL;REPUBLICANOS;FEMININO;PRETA
190002543034;PATRICIA GONCALVES BORRET DOMINGOS;DEPUTADO ESTADUAL;REPUBLICANOS;FEMININO;BRANCA
190002538442;ROMULO MILAGRES RIBEIRO;DEPUTADO FEDERAL;PSB;MASCULINO;BRANCA
190002534696;DIEGO GONCALVES MORENO;DEPUTADO ESTADUAL;NOVO;MASCULINO;BRANCA
190002534612;RALPH LUIZ DA SILVA IBRAIM;DEPUTADO FEDERAL;NOVO;MASCULINO;PRETA
190002533704;ALAN LOPES SANTANA;DEPUTADO ESTADUAL;PL;MASCULINO;PARDA
190002532839;GILCINEI AUGUSTO PINTO MACHADO;DEPUTADO FEDERAL;PL;MASCULINO;PARDA
190002532829;MARCELLO CAPPARELLI MONIZ DE ARAGAO DAQUER;DEPUTADO FEDERAL;PL;MASCULINO;BRANCA
190002536536;ROBERTO SOUZA DA SILVA;DEPUTADO ESTADUAL;AGIR;MASCULINO;PARDA
190002534124;MARIA DA GLORIA VIDAL FELISMINO DOS SANTOS;DEPUTADO ESTADUAL;SOLIDARIEDADE;FEMININO;PARDA
190002534874;ROBSON JOSE DOS SANTOS;DEPUTADO FEDERAL;SOLIDARIEDADE;MASCULINO;PRETA
190002534100;JOSE SEBASTIAO RABELLO;DEPUTADO ESTADUAL;SOLIDARIEDADE;MASCULINO;BRANCA
190002543383;GREGUY SOARES DUARTE;DEPUTADO ESTADUAL;PL;MASCULINO;BRANCA
190002541640;RAFAEL PEREIRA NOBRE;DEPUTADO ESTADUAL;UNIÃO;MASCULINO;BRANCA
190002543580;DANIELI CHRISTOVAO BALBI;DEPUTADO ESTADUAL;PCDOB;FEMININO;PRETA
190002540174;MARCELO DINIZ ANASTACIO DA SILVA;DEPUTADO FEDERAL;PSD;MASCULINO;BRANCA
190002543087;EDUARDO CARVALHO BANDEIRA DE MELLO;DEPUTADO FEDERAL;PV;MASCULINO;BRANCA
190002538588;ALISSON DAVIS DO NASCIMENTO CANDANDA;DEPUTADO ESTADUAL;AVANTE;MASCULINO;PRETA
190002538415;RAFAEL PRIMO DE BARROS;DEPUTADO FEDERAL;PSB;MASCULINO;BRANCA
190002538417;MARCUS VINICIUS DE S THIAGO;DEPUTADO FEDERAL;PSB;MASCULINO;BRANCA
190002537775;JEAN ELISSOM DA SILVA MORAES;DEPUTADO ESTADUAL;PSB;MASCULINO;PRETA
190002537733;JORGE LUIS MACHADO MIRANDA;DEPUTADO ESTADUAL;PSB;MASCULINO;BRANCA
190002532824;JOAO CARLOS SOARES GURGEL;DEPUTADO FEDERAL;PL;MASCULINO;BRANCA
190002543913;EMIR CAMPOS LARANGEIRA;DEPUTADO FEDERAL;DC;MASCULINO;BRANCA
190002536153;WILIANS DOUGLAS BARBOSA DA SILVA;DEPUTADO FEDERAL;PSOL;MASCULINO;PARDA
190002538032;DAVID MANUEL DE JESUS SILVA;DEPUTADO ESTADUAL;PSD;MASCULINO;PARDA
190002536107;EMANUEL DIAS DE ALENCAR;DEPUTADO ESTADUAL;PSOL;MASCULINO;BRANCA
190002534730;GILBERTO MARTINS ESTEVES;DEPUTADO ESTADUAL;NOVO;MASCULINO;BRANCA
190002543253;LUCIANO FERREIRA DOS SANTOS;DEPUTADO FEDERAL;PODE;MASCULINO;PARDA
190002541822;TATIANA CARDOZO DE LIMA DOS SANTOS;DEPUTADO ESTADUAL;PDT;FEMININO;PRETA
190002550291;MARIA REGINA CINELLI DAMASCENO;DEPUTADO ESTADUAL;CIDADANIA;FEMININO;BRANCA
190002550521;SERGIO PINA;DEPUTADO FEDERAL;PSDB;MASCULINO;PARDA
190002542989;ROGERIO BRAGA DOS SANTOS;DEPUTADO ESTADUAL;REPUBLICANOS;MASCULINO;PARDA
190002543019;GABRIEL CARVALHO GONCALVES;DEPUTADO ESTADUAL;REPUBLICANOS;MASCULINO;BRANCA
190002543020;LAZARO BRUNO DOS SANTOS OLIVEIRA DE MELO;DEPUTADO ESTADUAL;REPUBLICANOS;MASCULINO;PARDA
190002543040;LEANDRO FARIAS LIRA;DEPUTADO ESTADUAL;REPUBLICANOS;MASCULINO;PARDA
190002538043;ANDRE GUSTAVO PEREIRA CORREA DA SILVA;DEPUTADO ESTADUAL;PSD;MASCULINO;BRANCA
190002538583;ALMIR RANGEL DE CARVALHO;DEPUTADO ESTADUAL;AVANTE;MASCULINO;BRANCA
190002536140;AMANDA AGUIAR SALES COSTA;DEPUTADO FEDERAL;PSOL;FEMININO;BRANCA
190002544921;MARCUS VINICIUS HELENIAZ DE SOUZA VALLADAO;DEPUTADO ESTADUAL;PODE;MASCULINO;PARDA
190002537601;EVANDRO MAURICIO DOS SANTOS;DEPUTADO FEDERAL;PSB;MASCULINO;PARDA
190002543271;FILIPE DE ALMEIDA PEREIRA;DEPUTADO FEDERAL;PODE;MASCULINO;BRANCA
190002550196;ANTHONY WILLIAM GAROTINHO MATHEUS DE OLIVEIRA;GOVERNADOR;REPUBLICANOS;MASCULINO;BRANCA
190002533680;ROGERIO MARTINS PIRES DE AMORIM;DEPUTADO ESTADUAL;PL;MASCULINO;BRANCA
190002538011;ALEX SANDRO MACHADO AMARANTE;DEPUTADO ESTADUAL;PSD;MASCULINO;PARDA
190002537606;SERGIO FERNANDO DAMAS FERNANDES;DEPUTADO FEDERAL;PSB;MASCULINO;BRANCA
190002543909;WASHINGTON LUIZ MESSIAS DA SILVA;DEPUTADO FEDERAL;DC;MASCULINO;PRETA
190002537781;JAQUELINE ALMEIDA CARVALHO DE LIMA;DEPUTADO ESTADUAL;PSB;FEMININO;PRETA
190002537608;PAULO ROBERTO LEMOS ANGELITO;DEPUTADO FEDERAL;PSB;MASCULINO;PARDA
190002538053;ANA PAULA GOMES MENDES GABRI;DEPUTADO ESTADUAL;PSD;FEMININO;PARDA
190002543339;TALITA BARBOSA GOMES;DEPUTADO FEDERAL;REPUBLICANOS;FEMININO;BRANCA
190002537774;JAIRO FERNANDES;DEPUTADO ESTADUAL;PSB;MASCULINO;BRANCA
190002538022;ALCIDES BOTELHO SAMPAIO;DEPUTADO ESTADUAL;PSD;MASCULINO;BRANCA
190002543961;HELIO KINAST CRUZ SECCO;SENADOR;MISSÃO;MASCULINO;BRANCA
190002534637;CARLOS MAGNO DA SILVA GOUVEIA FILHO;DEPUTADO FEDERAL;NOVO;MASCULINO;BRANCA
190002548282;MARIA DA GLORIA CALIXTO RIBEIRO;DEPUTADO ESTADUAL;DC;FEMININO;PRETA
190002542652;CAROLINE MADEIRA MARQUES;DEPUTADO ESTADUAL;PL;FEMININO;BRANCA
190002543072;DIEGO ZEIDAN CARDOSO SIQUEIRA;DEPUTADO FEDERAL;PT;MASCULINO;BRANCA
190002537745;LEVI ALVES RODRIGUES DOS SANTOS;DEPUTADO ESTADUAL;PSB;MASCULINO;PARDA
190002532837;RODRIGO CEZAR FURTADO DE ALMEIDA;DEPUTADO FEDERAL;PL;MASCULINO;BRANCA
190002533696;PAULO MAURICIO RABELLO BASTOS;DEPUTADO ESTADUAL;PL;MASCULINO;BRANCA
190002547234;BRENER JOSE ANTUNES;DEPUTADO FEDERAL;MOBILIZA;MASCULINO;BRANCA
190002547170;LEONARDO DA VINCI XAVIER GIMENEZ;DEPUTADO ESTADUAL;MOBILIZA;MASCULINO;BRANCA
190002538428;ARY GABRIEL GIROTA DE SOUZA;DEPUTADO FEDERAL;PSB;MASCULINO;PRETA
190002533429;GISELLE LOUISE MONTEIRO DE OLIVEIRA;DEPUTADO ESTADUAL;PL;FEMININO;PARDA
190002543968;EUNICE DOS SANTOS SULZER BRASIL;DEPUTADO ESTADUAL;UP;FEMININO;BRANCA
190002534700;FERNANDO BRAZ DE LIMA;DEPUTADO ESTADUAL;NOVO;MASCULINO;BRANCA
190002550501;ALUIZIO DOS SANTOS JUNIOR;DEPUTADO FEDERAL;PSDB;MASCULINO;BRANCA
190002536123;PAULO PINHEIRO;DEPUTADO ESTADUAL;PSOL;MASCULINO;BRANCA
190002541656;LUCIENE MANGANELLO VELLOSO;DEPUTADO ESTADUAL;PP;FEMININO;BRANCA
190002534848;LENILTON RODRIGUES GOMES JUNIOR;DEPUTADO FEDERAL;SOLIDARIEDADE;MASCULINO;PARDA
190002537605;MIGUEL RIBEIRO MACHADO;DEPUTADO FEDERAL;PSB;MASCULINO;PARDA
190002543104;REIMONT LUIZ OTONI SANTA BARBARA;DEPUTADO FEDERAL;PT;MASCULINO;BRANCA
190002536530;LUCIANA FERREIRA LOPES POLATI;DEPUTADO ESTADUAL;AGIR;FEMININO;BRANCA
190002538029;CLAUDIO SOBRAL DE CAIADO CASTRO JUNIOR;DEPUTADO ESTADUAL;PSD;MASCULINO;BRANCA
190002537752;EDNALDO GOMES DE FARIAS;DEPUTADO ESTADUAL;PSB;MASCULINO;PARDA
190002534117;ALINE LOPES DA SILVA;DEPUTADO ESTADUAL;PRD;FEMININO;PARDA
190002537796;JARI SIMAO DE OLIVEIRA JUNIOR;DEPUTADO ESTADUAL;PSB;MASCULINO;PARDA
190002541672;GUSTAVO REIS FERREIRA;DEPUTADO ESTADUAL;PP;MASCULINO;BRANCA
190002533675;LISANDRA CARLOS DE SOUZA;DEPUTADO ESTADUAL;PL;FEMININO;BRANCA
190002543261;LUIS ANTONIO FREITAS PAIXAO;DEPUTADO FEDERAL;PODE;MASCULINO;PARDA
190002544955;DYONNE SOARES;DEPUTADO ESTADUAL;PODE;MASCULINO;BRANCA
190002543035;DANIELE GUIMARAES DA SILVA;DEPUTADO ESTADUAL;REPUBLICANOS;FEMININO;BRANCA
190002543904;RAFAEL CARVALHO BRAZ;DEPUTADO FEDERAL;DC;MASCULINO;PARDA
190002534610;DIEGO VAZ ARAUJO;DEPUTADO FEDERAL;NOVO;MASCULINO;BRANCA
190002538605;HELCIO ANGELO DA ROCHA;DEPUTADO ESTADUAL;AVANTE;MASCULINO;BRANCA
190002548290;JOSUE DO NASCIMENTO OLIVEIRA;DEPUTADO ESTADUAL;DC;MASCULINO;PARDA
190002547272;JULIETE PANTOJA ALVES;GOVERNADOR;UP;FEMININO;BRANCA
190002536154;GLAUCO HERMANO DA COSTA;DEPUTADO FEDERAL;REDE;MASCULINO;PRETA
190002533693;ELISA FATIMA DE NOVAES;DEPUTADO ESTADUAL;PL;FEMININO;PRETA
190002537604;CAROLINE MIDORI DA COSTA SILVA;DEPUTADO FEDERAL;PSB;FEMININO;BRANCA
190002543031;RONALD ALVES ROBERTO;DEPUTADO ESTADUAL;REPUBLICANOS;MASCULINO;PRETA
190002536556;GILMAR HENRIQUE ALVES DE OLIVEIRA;DEPUTADO ESTADUAL;AGIR;MASCULINO;PRETA
190002534113;MUNIR FRANCISCO;DEPUTADO ESTADUAL;SOLIDARIEDADE;MASCULINO;BRANCA
190002543313;JOSE ALEXANDRE ALMEIDA DA SILVA;DEPUTADO ESTADUAL;PT;MASCULINO;BRANCA
190002543965;RUAN GUILHERME NUNES VIDAL;DEPUTADO ESTADUAL;UP;MASCULINO;BRANCA
190002543298;LUCIA MARINA DOS SANTOS;DEPUTADO ESTADUAL;PT;FEMININO;PARDA
190002538834;LEONARDO MAZZUTTI SOBRAL;DEPUTADO ESTADUAL;MDB;MASCULINO;BRANCA
190002534855;HEITOR DE SOUZA QUEIROZ FILHO;DEPUTADO FEDERAL;SOLIDARIEDADE;MASCULINO;BRANCA
190002534708;GABRIEL COSTENARO DE SOUSA;DEPUTADO ESTADUAL;NOVO;MASCULINO;PARDA
190002534731;ROSELI DE LOURDES FERREIRA GAMA;DEPUTADO ESTADUAL;NOVO;FEMININO;PRETA
190002536158;FERNANDA VIEIRA DE SOUZA;DEPUTADO FEDERAL;PSOL;FEMININO;PARDA
190002538443;JOAO LEONEL BATISTA ESTERY;DEPUTADO FEDERAL;PSB;MASCULINO;BRANCA
190002534647;UBIRAJARA PEREIRA GONCALVES;DEPUTADO FEDERAL;NOVO;MASCULINO;PRETA
190002536109;FABIOLA SOARES FERREIRA RODRIGUES;DEPUTADO ESTADUAL;PSOL;FEMININO;BRANCA
190002539336;GUTEMBERG REIS DE OLIVEIRA;DEPUTADO FEDERAL;MDB;MASCULINO;BRANCA
190002541065;LEONARDO MENDES DE ABRANTES;DEPUTADO FEDERAL;PP;MASCULINO;BRANCA
190002541683;JORGE SANTANA QUEIROZ;DEPUTADO ESTADUAL;PP;MASCULINO;PRETA
190002547252;VILMAR BATISTA DA SILVA;DEPUTADO FEDERAL;MOBILIZA;FEMININO;PRETA
190002547235;DANIEL DA SILVA BARBOSA;DEPUTADO FEDERAL;MOBILIZA;MASCULINO;BRANCA
190002547250;GLEICE SCHOTT DE SOUZA;DEPUTADO FEDERAL;MOBILIZA;FEMININO;BRANCA
190002547199;OLEGARIO DE OLIVEIRA;DEPUTADO ESTADUAL;MOBILIZA;MASCULINO;PRETA
190002534694;IGOR NOGUEIRA DE BARROS;DEPUTADO ESTADUAL;NOVO;MASCULINO;PARDA
190002534724;WELINGTON FRANCO DA SILVA;DEPUTADO ESTADUAL;NOVO;MASCULINO;PARDA
190002537750;ADRIANO RODRIGUES PEREIRA;DEPUTADO ESTADUAL;PSB;MASCULINO;BRANCA
190002537772;ROSA MARIA MARQUES DE OLIVEIRA;DEPUTADO ESTADUAL;PSB;FEMININO;BRANCA
190002540192;AZRA EL AKBAR ABBAS MISKI OBERST VIEIRA;DEPUTADO FEDERAL;PSD;MASCULINO;BRANCA
190002534106;LEANDRO REIS LIMA;DEPUTADO ESTADUAL;PRD;MASCULINO;BRANCA
190002543892;ANA CAROLINA SANTOS DA SILVA;DEPUTADO FEDERAL;DC;FEMININO;BRANCA
190002535141;ROGERIA NANTES BRAGA BOLSONARO;DEPUTADO FEDERAL;PL;FEMININO;BRANCA
190002532833;VANESSA DA SILVA OLIVEIRA;DEPUTADO FEDERAL;PL;FEMININO;PRETA
190002533433;ANDERSON LUIS DE MORAES;DEPUTADO ESTADUAL;PL;MASCULINO;BRANCA
190002537743;ALAN MANSUR PEREIRA;DEPUTADO ESTADUAL;PSB;MASCULINO;BRANCA
190002534611;FELICIO LATERCA DE ALMEIDA;DEPUTADO FEDERAL;NOVO;MASCULINO;PARDA
190002544949;PAULO CESAR ANTUNES PEREIRA;DEPUTADO ESTADUAL;PODE;MASCULINO;BRANCA
190002543037;JUCELIA OLIVEIRA FREITAS;DEPUTADO ESTADUAL;REPUBLICANOS;FEMININO;PARDA
190002543321;IGO ALENCAR DE MENEZES;DEPUTADO ESTADUAL;PT;MASCULINO;PARDA
190002533419;DEODALTO JOSE FERREIRA;DEPUTADO ESTADUAL;PL;MASCULINO;BRANCA
190002544916;DANIEL DO NASCIMENTO;DEPUTADO ESTADUAL;PODE;MASCULINO;PARDA
190002533711;PEDRO RICARDO DE CARVALHO OLIVEIRA;DEPUTADO ESTADUAL;PL;MASCULINO;BRANCA
190002532806;MATHEUS QUINTAL DE SOUSA RIBEIRO;DEPUTADO FEDERAL;PL;MASCULINO;BRANCA
190002533714;JEREMIAS DE JESUS SANTOS;DEPUTADO ESTADUAL;PL;MASCULINO;PARDA
190002532821;RICARDO MAGALHAES GARCIA GUTIERREZ;DEPUTADO FEDERAL;PL;MASCULINO;BRANCA
190002532825;ROBERTO LUIZ RODRIGUES DE OLIVEIRA;DEPUTADO FEDERAL;PL;MASCULINO;PARDA
190002537155;JUVELINO BARRETO DOS SANTOS JUNIOR;DEPUTADO FEDERAL;AVANTE;MASCULINO;PRETA
190002537151;ANDREA OLIVEIRA;DEPUTADO FEDERAL;AVANTE;FEMININO;PRETA
190002534695;CRISTINE ARAUJO MOUTINHO;DEPUTADO ESTADUAL;NOVO;FEMININO;BRANCA
190002535140;THIAGO GAGLIASSO ONOFRE FERREIRA;DEPUTADO FEDERAL;PL;MASCULINO;BRANCA
190002543256;ADEILDO ALVES VILELA;DEPUTADO FEDERAL;PODE;MASCULINO;BRANCA
190002538618;ROGERIO GOMES MARTINS;DEPUTADO ESTADUAL;AVANTE;MASCULINO;PARDA
190002538592;FABIO SANTOS DA SILVA;DEPUTADO ESTADUAL;AVANTE;MASCULINO;PARDA
190002538593;EMERSON SANTOS PESSANHA;DEPUTADO ESTADUAL;AVANTE;MASCULINO;PARDA
190002536117;ROBSON SILVA DE SOUSA;DEPUTADO ESTADUAL;REDE;MASCULINO;BRANCA
190002534702;LILIANE LOURENCO DE OLIVEIRA;DEPUTADO ESTADUAL;NOVO;FEMININO;BRANCA
190002534080;JORGE BRUM CRISPIM DE CARVALHO;DEPUTADO ESTADUAL;PRD;MASCULINO;BRANCA
190002544931;FLAVIO DA SILVA POGGIAN;DEPUTADO ESTADUAL;PODE;MASCULINO;PARDA
190002544929;JORGE CHAGAS AUGUSTO CONTREIRAS;DEPUTADO ESTADUAL;PODE;MASCULINO;BRANCA
190002543353;ALEX SANTOS DE OLIVEIRA;DEPUTADO FEDERAL;REPUBLICANOS;MASCULINO;PARDA
190002543291;ANA MARIA FARIAS SANTOS BANTIM;DEPUTADO FEDERAL;PODE;FEMININO;PARDA
190002538577;ALAN KARDECK LIMA DO NASCIMENTO;DEPUTADO ESTADUAL;AVANTE;MASCULINO;PRETA
190002534087;BRUNO MAX DO NASCIMENTO LOUREIRO;DEPUTADO ESTADUAL;SOLIDARIEDADE;MASCULINO;PARDA
190002543003;CLEIDE DUARTE;DEPUTADO ESTADUAL;REPUBLICANOS;FEMININO;PARDA
190002541684;SONIA DE FATIMA MARCELO DA SILVA DE MOURA;DEPUTADO ESTADUAL;PP;FEMININO;BRANCA
190002544934;NILTON CESAR DO AMARAL LEIRIA COSTA;DEPUTADO ESTADUAL;PODE;MASCULINO;BRANCA
190002541842;SONIA APARECIDA DE OLIVEIRA;DEPUTADO ESTADUAL;PDT;FEMININO;BRANCA
190002539648;JAIR JOSE DIAS;DEPUTADO FEDERAL;PDT;MASCULINO;BRANCA
190002537613;JANAINA SANT ANNA BARROS DA SILVA;DEPUTADO FEDERAL;PSB;FEMININO;PRETA
190002541650;CYNTHIA REGINA SILVA AUGUSTO;DEPUTADO ESTADUAL;PP;FEMININO;BRANCA
190002547247;FLAVIO RODRIGUES BERNARDES;DEPUTADO FEDERAL;MOBILIZA;MASCULINO;BRANCA
190002539659;MONICA BARCELOS DE OLIVEIRA;DEPUTADO FEDERAL;PDT;FEMININO;PRETA
190002537747;APARECIDA JUSTINA DA SILVA DOMINGOS;DEPUTADO ESTADUAL;PSB;FEMININO;PRETA
190002543519;THAYENNE PERRIER MENDONCA NEVES;DEPUTADO FEDERAL;MISSÃO;FEMININO;BRANCA
190002543526;VICTOR HUGO MACHADO MENEZES;DEPUTADO FEDERAL;MISSÃO;MASCULINO;PRETA
190002543508;MARIA DO SOCORRO COSTA QUIRINO;DEPUTADO FEDERAL;MISSÃO;FEMININO;BRANCA
190002547248;ALEX NICODEMOS DE OLIVEIRA;DEPUTADO FEDERAL;MOBILIZA;MASCULINO;PARDA
190002543531;JOSE RENATO ALONSO DO CARMO;DEPUTADO FEDERAL;MISSÃO;MASCULINO;BRANCA
190002543095;CELSO PANSERA;DEPUTADO FEDERAL;PT;MASCULINO;BRANCA
190002534606;LEONEL POLICIANO PRIMO;DEPUTADO FEDERAL;NOVO;MASCULINO;BRANCA
190002538847;PAULO SERGIO RAMOS BARBOZA;DEPUTADO ESTADUAL;MDB;MASCULINO;BRANCA
190002542985;MARIO ANTUNES VIANA;DEPUTADO ESTADUAL;REPUBLICANOS;MASCULINO;BRANCA
190002534618;ALESSANDRE ALEX PEREIRA DOMINGUES;DEPUTADO FEDERAL;NOVO;MASCULINO;PARDA
190002543322;ADILSON NOGUEIRA PIRES;DEPUTADO ESTADUAL;PT;MASCULINO;PARDA
190002534686;ALEXANDRE HENRIQUE DE SOUZA;DEPUTADO ESTADUAL;NOVO;MASCULINO;PRETA
190002543032;LISIANY BRAGA DA SILVA MOREIRA;DEPUTADO ESTADUAL;REPUBLICANOS;FEMININO;BRANCA
190002536528;ALEXSANDRO PEDROSA DE OLIVEIRA;DEPUTADO ESTADUAL;AGIR;MASCULINO;PARDA
190002534680;ANA PAULA GOLDBACH;DEPUTADO ESTADUAL;NOVO;FEMININO;BRANCA
190002534705;VINICIUS VITORINO FREITAS;DEPUTADO ESTADUAL;NOVO;MASCULINO;PRETA
190002550026;SANDRO ALVES DE OLIVEIRA;DEPUTADO ESTADUAL;PSDB;MASCULINO;BRANCA
190002534118;DIOGO AUGUSTO DA SILVA SANTOS;DEPUTADO ESTADUAL;PRD;MASCULINO;BRANCA
190002539543;PETALA CORMANN DE JESUS E SILVA;DEPUTADO FEDERAL;UP;FEMININO;PRETA
190002554324;CARLA ALVES CASTILHO;DEPUTADO ESTADUAL;PDT;FEMININO;PARDA
190002537759;RENATO DA COSTA PELLIZZARI;DEPUTADO ESTADUAL;PSB;MASCULINO;BRANCA
190002548301;CARLOS RENATO CHAVES DOS SANTOS;DEPUTADO ESTADUAL;DC;MASCULINO;PRETA
190002544917;WAGNER DE ALMEIDA SANTOS;DEPUTADO ESTADUAL;PODE;MASCULINO;PARDA
190002542982;ALECIO BREDA DIAS;DEPUTADO ESTADUAL;REPUBLICANOS;MASCULINO;BRANCA
190002543378;JOSE ALFREDO DA SILVA SANTANA;DEPUTADO FEDERAL;REPUBLICANOS;MASCULINO;PARDA
190002542983;CLEUCIANO DO NASCIMENTO;DEPUTADO ESTADUAL;REPUBLICANOS;MASCULINO;PARDA
190002538816;MARCOS DA ROCHA MENDES;DEPUTADO ESTADUAL;MDB;MASCULINO;BRANCA
190002543312;MARCIO ROBERTO CARVALHO MATHEUS FILHO;DEPUTADO ESTADUAL;PCDOB;MASCULINO;BRANCA
190002537790;ELI SOUZA DA SILVA;DEPUTADO ESTADUAL;PSB;MASCULINO;BRANCA
190002534832;RICARDO DE OLIVEIRA URSINE SILVA;DEPUTADO FEDERAL;SOLIDARIEDADE;MASCULINO;PARDA
190002534099;MARCO ANTONIO NEVES CABRAL;DEPUTADO ESTADUAL;SOLIDARIEDADE;MASCULINO;BRANCA
190002541675;BERNARDO LEAL ANNES DIAS;DEPUTADO ESTADUAL;PP;MASCULINO;BRANCA
190002538445;JOAO FRANCISCO PAIVA AVELINO;DEPUTADO FEDERAL;PSB;MASCULINO;BRANCA
190002538048;CAROLINE DOS SANTOS GUEDES;DEPUTADO ESTADUAL;PSD;FEMININO;PRETA
190002550290;FILIPE BEZERRA RIBEIRO SOARES;DEPUTADO ESTADUAL;PSDB;MASCULINO;BRANCA
190002541631;DELON ALVES DE ALBUQUERQUE FILHO;DEPUTADO ESTADUAL;PP;MASCULINO;PRETA
190002540169;ROBERTA RODRIGUES DOS REIS MENDES;DEPUTADO FEDERAL;PSD;FEMININO;BRANCA
190002541634;ALOISIO BARBOSA DA SILVA FILHO;DEPUTADO ESTADUAL;PP;MASCULINO;BRANCA
190002541050;DILSON MALHEIROS DRUMOND;DEPUTADO FEDERAL;PP;MASCULINO;BRANCA
190002547243;FATIMA DENISE CAMPELO DE LIMA;DEPUTADO FEDERAL;MOBILIZA;FEMININO;BRANCA
190002544941;SIMONE CONTREIRAS DOS SANTOS;DEPUTADO ESTADUAL;PODE;FEMININO;BRANCA
190002537776;MARIANA DONATO DE MORAES;DEPUTADO ESTADUAL;PSB;FEMININO;BRANCA
190002532800;SANDRA BRAZ DOS SANTOS;DEPUTADO FEDERAL;PL;FEMININO;BRANCA
190002543065;FABIANO TAQUES HORTA;DEPUTADO FEDERAL;PT;MASCULINO;BRANCA
190002543084;MARIA LUCIA COSTA SILVA;DEPUTADO FEDERAL;PT;FEMININO;PARDA
190002543089;MAIARA FELICIO DA SILVA;DEPUTADO FEDERAL;PT;FEMININO;PRETA
190002538423;SIDNEY JESUS DE SOUZA;DEPUTADO FEDERAL;PSB;MASCULINO;PRETA
190002534870;EDGAR JESUS COSTA;DEPUTADO FEDERAL;SOLIDARIEDADE;MASCULINO;BRANCA
190002543583;VERONICA DOS SANTOS LIMA;DEPUTADO ESTADUAL;PT;FEMININO;PRETA
190002538438;SELMA MARIA RODRIGUES DA SILVA;DEPUTADO FEDERAL;PSB;FEMININO;BRANCA
190002536156;TALIRIA PETRONE SOARES;DEPUTADO FEDERAL;PSOL;FEMININO;PRETA
190002539678;HUGO PEREIRA DO CANTO JUNIOR;DEPUTADO FEDERAL;PDT;MASCULINO;PARDA
190002538565;JOAO RICARDO DO NASCIMENTO SOARES;DEPUTADO ESTADUAL;AVANTE;MASCULINO;BRANCA
190002543330;WALDECK CARNEIRO DA SILVA;DEPUTADO ESTADUAL;PT;MASCULINO;BRANCA
190002543317;LEONARDO FRANCA SOUZA;DEPUTADO ESTADUAL;PT;MASCULINO;BRANCA
190002543886;PETTERSON SANTOS DE LIMA;DEPUTADO FEDERAL;DC;MASCULINO;PARDA
190002552083;LUCIANO OLIVEIRA MATTOS DE SOUZA;SENADOR;PRTB;MASCULINO;BRANCA
190002532823;JORGE LUCIO FERREIRA MIRANDA;DEPUTADO FEDERAL;PL;MASCULINO;BRANCA
190002533678;GRAZIELE MACEDO DE OLIVEIRA MORAES;DEPUTADO ESTADUAL;PL;FEMININO;BRANCA
190002532827;DANIELLE DYTZ DA CUNHA;DEPUTADO FEDERAL;PL;FEMININO;BRANCA
190002543310;ALLYSON DA SILVA ELIAS;DEPUTADO ESTADUAL;PT;MASCULINO;PRETA
190002550295;CINTHIA LUCIA FARAH CASTILHO MARTINS;DEPUTADO ESTADUAL;PSDB;FEMININO;BRANCA
190002548321;CONRADO FERNANDES ANTUNES;DEPUTADO ESTADUAL;DC;MASCULINO;BRANCA
190002548293;ACYR PIRES AGUIAR;DEPUTADO ESTADUAL;DC;MASCULINO;BRANCA
190002552234;GILBERTO FRANCISCO DA SILVA;DEPUTADO ESTADUAL;DEMOCRATA;MASCULINO;PRETA
190002552287;CARLOS HUMBERTO FERREIRA PORTO;DEPUTADO ESTADUAL;DEMOCRATA;MASCULINO;BRANCA
190002551217;ARISTEU ADRIEN DE ALBUQUERQUE;DEPUTADO FEDERAL;DEMOCRATA;MASCULINO;BRANCA
190002541663;ANDERSON MARTINS FLORENTINO;DEPUTADO ESTADUAL;UNIÃO;MASCULINO;PARDA
190002543344;DANIELA MOTE DE SOUZA CARNEIRO;DEPUTADO FEDERAL;REPUBLICANOS;FEMININO;BRANCA
190002550515;MARIA CRISTINA MEL DE ALMEIDA COSTA;DEPUTADO FEDERAL;PSDB;FEMININO;BRANCA
190002537749;CLAUDIA CARVALHO RESPEITA DA MOTTA;DEPUTADO ESTADUAL;PSB;FEMININO;BRANCA
190002537770;MARCELO RAMOS FRITZ;DEPUTADO ESTADUAL;PSB;MASCULINO;BRANCA
190002543331;WALLACE PEREIRA DA SILVA;DEPUTADO ESTADUAL;PV;MASCULINO;PARDA
190002538429;CARLOS ALBERTO IVANIR DOS SANTOS;DEPUTADO FEDERAL;PSB;MASCULINO;PRETA
190002541060;LUIZ ANTONIO DE SOUZA TEIXEIRA JUNIOR;DEPUTADO FEDERAL;PP;MASCULINO;BRANCA
190002537761;SANDRA MARIA BORGES DE FREITAS;DEPUTADO ESTADUAL;PSB;FEMININO;PRETA
190002537746;NOEL CARLOS FIGUEIRA MARTELLO;DEPUTADO ESTADUAL;PSB;MASCULINO;PARDA
190002541073;MAX RODRIGUES LEMOS;DEPUTADO FEDERAL;UNIÃO;MASCULINO;PARDA
190002534090;ANA PAULA FREITAS SOARES PIMENTEL;DEPUTADO ESTADUAL;PRD;FEMININO;BRANCA
190002533420;MARCIO GUALBERTO DOS SANTOS;DEPUTADO ESTADUAL;PL;MASCULINO;PRETA
190002533426;NILSON ALVES FILHO;DEPUTADO ESTADUAL;PL;MASCULINO;PARDA
190002534836;KELLY FERREIRA DO NASCIMENTO;DEPUTADO FEDERAL;PRD;FEMININO;PARDA
190002532811;BRENO VIEIRA FARIA;DEPUTADO FEDERAL;PL;MASCULINO;BRANCA
190002537176;CLAUDIA DOS SANTOS MOTA NASCIMENTO;DEPUTADO FEDERAL;AVANTE;FEMININO;PRETA
190002534082;MARCOS PARREIRA DO CARMO;DEPUTADO ESTADUAL;PRD;MASCULINO;PARDA
190002538600;IRANILDO CAMPOS;DEPUTADO ESTADUAL;AVANTE;MASCULINO;BRANCA
190002536127;MONICA DA SILVA BICUDO;DEPUTADO ESTADUAL;REDE;FEMININO;BRANCA
190002536114;MARCIO ALVES DOS SANTOS;DEPUTADO ESTADUAL;REDE;MASCULINO;PRETA
190002550509;ANDERSON DA SILVA DE CAMPOS;DEPUTADO FEDERAL;PSDB;MASCULINO;BRANCA
190002541840;NILDELENE JOVEM DOS SANTOS;DEPUTADO ESTADUAL;PDT;FEMININO;PRETA
190002536102;CRISTIANE SANTANA NASCIMENTO LIMA;DEPUTADO ESTADUAL;PSOL;FEMININO;PRETA
190002533707;NELSON RUAS DOS SANTOS FILHO;DEPUTADO ESTADUAL;PL;MASCULINO;BRANCA
190002554437;EMANOELE FREITAS SILVA;DEPUTADO FEDERAL;UNIÃO;FEMININO;BRANCA
190002534717;ALBERTO VALENTE HABIB;DEPUTADO ESTADUAL;NOVO;MASCULINO;BRANCA
190002541630;JONAS FERNANDO DA SILVA;DEPUTADO ESTADUAL;UNIÃO;MASCULINO;PARDA
190002537170;LUIZ ANTONIO SALOMAO JUNIOR;DEPUTADO FEDERAL;AVANTE;MASCULINO;PARDA
190002543346;DEULER DA ROCHA GONCALVES JUNIOR;DEPUTADO FEDERAL;REPUBLICANOS;MASCULINO;BRANCA
190002543350;PEDRO FERREIRA DA COSTA;DEPUTADO FEDERAL;REPUBLICANOS;MASCULINO;BRANCA
190002543374;DAVID NEVES PARDINHO BARBOSA;DEPUTADO FEDERAL;REPUBLICANOS;MASCULINO;PARDA
190002543022;CRISSILEIA SILVA PESTANA;DEPUTADO ESTADUAL;REPUBLICANOS;FEMININO;BRANCA
190002542994;RENAN MENDONCA DA SILVA MARQUES;DEPUTADO ESTADUAL;REPUBLICANOS;MASCULINO;PARDA
190002534055;LILIAM SA DE PAULA;DEPUTADO ESTADUAL;SOLIDARIEDADE;FEMININO;BRANCA
190002540185;MARCIO CESAR GOMES RIBEIRO JUNIOR;DEPUTADO FEDERAL;PSD;MASCULINO;BRANCA
190002541786;VLADIMIR BENITES LINS;DEPUTADO ESTADUAL;PDT;MASCULINO;PARDA
190002544924;EDUARDO DOS SANTOS ROSA;DEPUTADO ESTADUAL;PODE;MASCULINO;PRETA
190002540164;MARCOS ABRAHAO FILHO;DEPUTADO FEDERAL;PSD;MASCULINO;BRANCA
190002539831;JAD TRISTINNY DE MORAES AVILA;DEPUTADO ESTADUAL;PSTU;FEMININO;BRANCA
190002543585;RAONE CASSIN MAIA FERREIRA;DEPUTADO ESTADUAL;PT;MASCULINO;BRANCA
190002534838;NURIMAR DOS SANTOS MENDONCA;DEPUTADO FEDERAL;PRD;FEMININO;BRANCA
190002537180;SUELEN DE LIMA INACIO;DEPUTADO FEDERAL;AVANTE;FEMININO;PARDA
190002537144;JOSIAS REIS DE ALMEIDA JUNIOR;DEPUTADO FEDERAL;AVANTE;MASCULINO;PARDA
190002538561;VERONICE ALVES MARTINS;DEPUTADO ESTADUAL;AVANTE;FEMININO;PARDA
190002541629;DAIANE DA CONCEICAO SILVA DE LUNA;DEPUTADO ESTADUAL;UNIÃO;FEMININO;BRANCA
190002533427;FERNANDA ANCHIETA LOUBACK;DEPUTADO ESTADUAL;PL;FEMININO;BRANCA
190002543578;ANDRE DEL PINO GUERRA TAVARES;DEPUTADO ESTADUAL;PV;MASCULINO;PARDA
190002533431;REGINA CELIA DE SOUZA BENTO SEQUEIRA;DEPUTADO ESTADUAL;PL;FEMININO;BRANCA
190002541667;MARIANE LEMOS KARMUOCHE;DEPUTADO ESTADUAL;UNIÃO;FEMININO;PARDA
190002536129;ISABELLE DE LOYS;DEPUTADO ESTADUAL;REDE;FEMININO;BRANCA
190002533683;ROUSENCRE DOS SANTOS PEDROSA;DEPUTADO ESTADUAL;PL;FEMININO;PRETA
190002533691;CLEMILDA GOMES BATISTA;DEPUTADO ESTADUAL;PL;FEMININO;BRANCA
190002543083;MARCIA HELENA LOBATO KALTNER;DEPUTADO FEDERAL;PV;FEMININO;PARDA
190002550519;DANILO CASSANE SOARES;DEPUTADO FEDERAL;PSDB;MASCULINO;BRANCA
190002532796;REBECA TEIXEIRA RAMAGEM RODRIGUES;DEPUTADO FEDERAL;PL;FEMININO;BRANCA
190002533698;HELEN VITA DE CARVALHO;DEPUTADO ESTADUAL;PL;FEMININO;BRANCA
190002540181;RAFAEL ALOISIO FREITAS;DEPUTADO FEDERAL;PSD;MASCULINO;BRANCA
190002537168;BIANCA FRANCISCO DA COSTA;DEPUTADO FEDERAL;AVANTE;FEMININO;PRETA
190002537159;LUIZ HENRIQUE MONTEIRO BARBOSA;DEPUTADO FEDERAL;AVANTE;MASCULINO;BRANCA
190002541677;TAMIRIS PEIXOTO CARVALHO;DEPUTADO ESTADUAL;UNIÃO;FEMININO;PRETA
190002537143;CARLOS EDUARDO NUNES DOS SANTOS;DEPUTADO FEDERAL;AVANTE;MASCULINO;BRANCA
190002538572;ALDAIR CESAR DA SILVA;DEPUTADO ESTADUAL;AVANTE;MASCULINO;PARDA
190002533709;KAUAN DE ABREU MEDEIROS POUBEL;DEPUTADO ESTADUAL;PL;MASCULINO;BRANCA
190002543581;ALEX SANDRA DE JESUS ALVES;DEPUTADO ESTADUAL;PV;FEMININO;PARDA
190002537783;VALERIA DE SOUZA DINIZ;DEPUTADO ESTADUAL;PSB;FEMININO;PRETA
190002543304;ANA PAULA DIAS HIRT;DEPUTADO ESTADUAL;PV;FEMININO;BRANCA
190002543345;FABIANO GONCALVES;DEPUTADO FEDERAL;REPUBLICANOS;MASCULINO;BRANCA
190002543000;ANDRE DA SILVA FERREIRA;DEPUTADO ESTADUAL;REPUBLICANOS;MASCULINO;BRANCA
190002534071;ELIESIO PERES DA SILVA;DEPUTADO ESTADUAL;PRD;MASCULINO;BRANCA
190002537130;FABIANI MEDEIROS SILVA;DEPUTADO ESTADUAL;AGIR;FEMININO;BRANCA
190002536537;CLAUDIO ROBERTO MARTINS BEZERRA;DEPUTADO ESTADUAL;AGIR;MASCULINO;PARDA
190002547268;SHIRLEI DE OLIVEIRA ENGEL;DEPUTADO FEDERAL;MOBILIZA;FEMININO;PARDA
190002534865;GLEIBE DE ANDRADE OLIVEIRA;DEPUTADO FEDERAL;PRD;MASCULINO;PARDA
190002534862;JONES BARBOSA DE MOURA;DEPUTADO FEDERAL;SOLIDARIEDADE;MASCULINO;BRANCA
190002534086;RENATO COSTA VALVERDE;DEPUTADO ESTADUAL;SOLIDARIEDADE;MASCULINO;BRANCA
190002552266;BRUNO LOPES DE ALMEIDA;DEPUTADO ESTADUAL;DEMOCRATA;MASCULINO;BRANCA
190002551521;PAULO JOSE DOS SANTOS DE OLIVEIRA;DEPUTADO FEDERAL;DEMOCRATA;MASCULINO;BRANCA
190002552253;ANGELA CARDOSO SIMOES;DEPUTADO ESTADUAL;DEMOCRATA;FEMININO;BRANCA
190002550514;MARCOS TEIXEIRA BRAZ;DEPUTADO FEDERAL;PSDB;MASCULINO;PARDA
190002537611;MARCOS ANTONIO PATRICIO DA SILVA;DEPUTADO FEDERAL;PSB;MASCULINO;BRANCA
190002538414;EDUARDO CORREA LIMA FURTADO;DEPUTADO FEDERAL;PSB;MASCULINO;BRANCA
190002539358;LUCIANO DA SILVA MARTINS;DEPUTADO FEDERAL;MDB;MASCULINO;PARDA
190002544927;JORGE BORGES DE VASCONCELOS;DEPUTADO ESTADUAL;PODE;MASCULINO;PARDA
190002538416;SAMUEL FAYAD FILHO;DEPUTADO FEDERAL;PSB;MASCULINO;BRANCA
190002537602;JOAO HENRIQUE DA COSTA SANTOS;DEPUTADO FEDERAL;PSB;MASCULINO;BRANCA
190002538813;EDSON ALBERTASSI;DEPUTADO ESTADUAL;MDB;MASCULINO;BRANCA
190002550504;JACKSON BARBOSA CALDERINI;DEPUTADO FEDERAL;CIDADANIA;MASCULINO;PARDA
190002540163;LOURIVAL GOMES DE ALMEIDA;DEPUTADO FEDERAL;PSD;MASCULINO;PARDA
190002540167;EDIMARA CELI FREITAS;DEPUTADO FEDERAL;PSD;FEMININO;PRETA
190002537760;MARCOS PAULO COSTA DA SILVA;DEPUTADO ESTADUAL;PSB;MASCULINO;BRANCA
190002539646;CLAUDIO JOSE DE OLIVEIRA;DEPUTADO FEDERAL;PDT;MASCULINO;PARDA
190002536110;FLAVIO ALVES SERAFINI;DEPUTADO ESTADUAL;PSOL;MASCULINO;BRANCA
190002536115;JOSEMAR PINHEIRO DE CARVALHO;DEPUTADO ESTADUAL;PSOL;MASCULINO;PRETA
190002536106;FABIO EVARISTO BARBOSA;DEPUTADO ESTADUAL;PSOL;MASCULINO;PRETA
190002538862;PABLO SIQUEIRA DE FREITAS;DEPUTADO ESTADUAL;MDB;MASCULINO;PARDA
190002538848;EDSON CHARLY LOBO DA SILVA MARCAL;DEPUTADO ESTADUAL;MDB;MASCULINO;PARDA
190002534089;MARIA INES DE ARAUJO DOS SANTOS;DEPUTADO ESTADUAL;SOLIDARIEDADE;FEMININO;PARDA
190002539833;ELIAS JOSE ALFREDO;DEPUTADO FEDERAL;PSTU;MASCULINO;PRETA
190002538863;GIOVANI LEITE DE ABREU;DEPUTADO ESTADUAL;MDB;MASCULINO;BRANCA
190002538824;FREDERICO PROCOPIO MENDES;DEPUTADO ESTADUAL;MDB;MASCULINO;BRANCA
190002543316;PAULO ROBERTO MUSTRANGI DE OLIVEIRA;DEPUTADO ESTADUAL;PT;MASCULINO;BRANCA
190002543264;ANA CLARA COTTAS SILVA;DEPUTADO FEDERAL;PODE;FEMININO;PARDA
190002538038;OSIRIS MAIA BORGES DE MEDEIROS;DEPUTADO ESTADUAL;PSD;MASCULINO;BRANCA
190002544120;JOAO JACQUES SOARES BUSNELLO;GOVERNADOR;MISSÃO;MASCULINO;BRANCA
190002541653;FELIPE RANGEL GARCIA;DEPUTADO ESTADUAL;PP;MASCULINO;BRANCA
190002538015;CELIA CRISTINA AMORIM SILVA JORDAO;DEPUTADO ESTADUAL;PSD;FEMININO;BRANCA
190002538052;MAURILIA RODRIGUES DOS SANTOS;DEPUTADO ESTADUAL;PSD;FEMININO;AMARELA
190002534715;CLAUDIA MARCIA BODART NORONHA;DEPUTADO ESTADUAL;NOVO;FEMININO;BRANCA
190002547246;JORGE LUIZ LINO DOS SANTOS DE OLIVEIRA;DEPUTADO FEDERAL;MOBILIZA;MASCULINO;PRETA
190002547214;RAFAELA CERRUTI DRUMMOND;DEPUTADO ESTADUAL;MOBILIZA;FEMININO;PARDA
190002554290;CLEBER RIBEIRO AFONSO;SENADOR;DEMOCRATA;MASCULINO;BRANCA
190002550272;MARCELO LUIZ BARONTO SAMPAIO;DEPUTADO ESTADUAL;PSDB;MASCULINO;BRANCA
190002538846;MARCOS JOSE DE OLIVEIRA SOUZA;DEPUTADO ESTADUAL;MDB;MASCULINO;BRANCA
190002551540;RUBEM RODRIGUES GONZALEZ;DEPUTADO FEDERAL;DEMOCRATA;MASCULINO;BRANCA
190002541823;REINALDO DA CONCEICAO PEREIRA;DEPUTADO ESTADUAL;PDT;MASCULINO;PARDA
190002550307;ADELSON DA SILVA CALVETE;DEPUTADO ESTADUAL;CIDADANIA;MASCULINO;PARDA
190002541651;TATIANA DE PAULA OLIVEIRA LIMA;DEPUTADO ESTADUAL;PP;FEMININO;BRANCA
190002547168;GUTEMBERGUE LUCIO DE OLIVEIRA;DEPUTADO ESTADUAL;MOBILIZA;MASCULINO;PARDA
190002547221;PAULO ROBERTO DA SILVA SOBRAL;DEPUTADO ESTADUAL;MOBILIZA;MASCULINO;BRANCA
190002534108;ROOSEVELT BARRETO BARCELOS;DEPUTADO ESTADUAL;PRD;MASCULINO;PARDA
190002550277;LUIZ ANTONIO MARTINS;DEPUTADO ESTADUAL;PSDB;MASCULINO;BRANCA
190002541831;RODRIGO JORGE BARROS;DEPUTADO ESTADUAL;PDT;MASCULINO;PARDA
190002550031;FABIO CAMARA DA SILVA;DEPUTADO ESTADUAL;PSDB;MASCULINO;BRANCA
190002550285;GLAUBER JOAQUIM DE MATOS CORREA;DEPUTADO ESTADUAL;PSDB;MASCULINO;PARDA
190002550267;SANDRA LUCIA ALEIXO DA SILVA;DEPUTADO ESTADUAL;PSDB;FEMININO;PRETA
190002539357;RODRIGO DOS SANTOS VIZEU SOARES;DEPUTADO FEDERAL;MDB;MASCULINO;BRANCA
190002536568;MARCIO FREITAS;DEPUTADO ESTADUAL;AGIR;MASCULINO;BRANCA
190002533685;VIVIANE DE AMORIM PEREIRA;DEPUTADO ESTADUAL;PL;FEMININO;BRANCA
190002550034;LAURA CRISTINA RIBEIRO PROENCA;DEPUTADO ESTADUAL;PSDB;FEMININO;PARDA
190002534083;ARTHUR CARVALHO MONTEIRO;DEPUTADO ESTADUAL;SOLIDARIEDADE;MASCULINO;BRANCA
190002534626;ADRIANA SOBREIRA BUSTAMANTE;DEPUTADO FEDERAL;NOVO;FEMININO;BRANCA
190002550483;RICARDO MARTINS DAVID;DEPUTADO FEDERAL;PSDB;MASCULINO;BRANCA
190002537748;WESLEY TEIXEIRA SILVA;DEPUTADO ESTADUAL;PSB;MASCULINO;PRETA
190002536125;ANTONIO AUGUSTO BRAZ;DEPUTADO ESTADUAL;PSOL;MASCULINO;PRETA
190002547245;RUBENIGNA NASCIMENTO DE SOUZA;DEPUTADO FEDERAL;MOBILIZA;FEMININO;PRETA
190002548305;CLAUDIA DA SILVA FERREIRA;DEPUTADO ESTADUAL;DC;FEMININO;PARDA
190002533681;OSMAR DONIZETE CANDIDO;DEPUTADO ESTADUAL;PL;MASCULINO;PARDA
190002533700;RENATA MANFRENATE PINHEIRO DA COSTA;DEPUTADO ESTADUAL;PL;FEMININO;BRANCA
190002548299;BIL KELE PEREIRA;DEPUTADO ESTADUAL;DC;MASCULINO;BRANCA
190002548582;ISABELA ABREU DO NASCIMENTO;DEPUTADO FEDERAL;PODE;FEMININO;BRANCA
190002534077;MARCELLA NOBREGA DE MELLO;DEPUTADO ESTADUAL;SOLIDARIEDADE;FEMININO;BRANCA
190002538835;LUCIANA MARIA OROZIMBO;DEPUTADO ESTADUAL;MDB;FEMININO;PRETA
190002532804;MANOELA RAMOS DE SOUZA GOMES ALVES;DEPUTADO FEDERAL;PL;FEMININO;BRANCA
190002541678;DIONISIO DE SOUZA LINS;DEPUTADO ESTADUAL;PP;MASCULINO;BRANCA
190002537731;VALDEIR DA CONCEICAO ZIMBRAO;DEPUTADO ESTADUAL;PSB;MASCULINO;PARDA
190002539680;MARTA MARIA DA SILVA;DEPUTADO FEDERAL;PDT;FEMININO;PARDA
190002541796;MAURICIO GUIMARAES NASCIMENTO;DEPUTADO ESTADUAL;PDT;MASCULINO;BRANCA
190002541843;MARILENE DOS SANTOS;DEPUTADO ESTADUAL;PDT;FEMININO;PARDA
190002540179;GIANCARLO ALVES DE SOUSA;DEPUTADO FEDERAL;PSD;MASCULINO;BRANCA
190002543369;RODRIGO DE SOUZA RIBEIRO;DEPUTADO FEDERAL;REPUBLICANOS;MASCULINO;PRETA
190002552257;JOSE ARIOVALDO DA COSTA;DEPUTADO ESTADUAL;DEMOCRATA;MASCULINO;PARDA
190002549600;MAURO BERNARDO DOS SANTOS;DEPUTADO FEDERAL;PSDB;MASCULINO;BRANCA
190002548307;ANA PAULA REIS DA CONCEICAO VASCONCELOS;DEPUTADO ESTADUAL;DC;FEMININO;PRETA
190002543006;JEAN PIERRE PEREIRA SALLES;DEPUTADO ESTADUAL;REPUBLICANOS;MASCULINO;PRETA
190002552240;MARCELO GOMES DE SOUZA;DEPUTADO ESTADUAL;DEMOCRATA;MASCULINO;PARDA
190002551536;ANA LUCIA BORGES LANA;DEPUTADO FEDERAL;DEMOCRATA;FEMININO;PRETA
190002532803;RENATO DE ARAUJO CORREA;DEPUTADO FEDERAL;PL;MASCULINO;BRANCA
190002541662;MARCELLO AUTRAN INDELLI;DEPUTADO ESTADUAL;PP;MASCULINO;BRANCA
190002547254;NEIDELY FARIAS FAUSTINO DA SILVA;DEPUTADO FEDERAL;MOBILIZA;FEMININO;BRANCA
190002541642;LUCIANA CANELLAS VIANNA;DEPUTADO ESTADUAL;PP;FEMININO;BRANCA
190002535142;CARLOS FRANCISCO PORTINHO;SENADOR;PL;MASCULINO;BRANCA
190002550287;HELEM CRISTINA LOPES DOS SANTOS MOREIRA;DEPUTADO ESTADUAL;PSDB;FEMININO;PRETA
190002536532;DANIEL SILVA DE LIMA;DEPUTADO ESTADUAL;AGIR;MASCULINO;BRANCA
190002533689;JORGE LUIZ DA SILVA JUNIOR;DEPUTADO ESTADUAL;PL;MASCULINO;PARDA
190002538598;EDUARDO DA SILVA MARQUES JUNIOR;DEPUTADO ESTADUAL;AVANTE;MASCULINO;PARDA
190002548297;ANDERSON DA MATTA GRANICO;DEPUTADO ESTADUAL;DC;MASCULINO;BRANCA
190002550489;MARCELO ANDRE CID HERACLITO DO PORTO QUEIROZ;DEPUTADO FEDERAL;PSDB;MASCULINO;BRANCA
190002548315;MANOEL JAIME SABINO;DEPUTADO ESTADUAL;DC;MASCULINO;PRETA
190002534703;VALERILAINE CONSTANTINO DA CONCEICAO XAVIER LUCAS;DEPUTADO ESTADUAL;NOVO;FEMININO;PARDA
190002550511;MURILLO GOUVEA RODRIGUES;DEPUTADO FEDERAL;PSDB;MASCULINO;BRANCA
190002534635;JONATAS VIANNA DE OLIVEIRA;DEPUTADO FEDERAL;NOVO;MASCULINO;PARDA
190002534058;IZABEL CRISTINA PIMENTEL DE OLIVEIRA;DEPUTADO ESTADUAL;PRD;FEMININO;PARDA
190002537730;JOSE EVERALDO COSTA;DEPUTADO ESTADUAL;PSB;MASCULINO;PARDA
190002534644;THIAGO DE SOUZA LYRA;DEPUTADO FEDERAL;NOVO;MASCULINO;PARDA
190002543371;MARCELO JOSE RIZZI;DEPUTADO FEDERAL;REPUBLICANOS;MASCULINO;BRANCA
190002543093;TAINA REIS DE PAULA KAPAZ;DEPUTADO FEDERAL;PT;FEMININO;PRETA
190002543074;RUBENS JOSE FRANCA BOMTEMPO;DEPUTADO FEDERAL;PT;MASCULINO;BRANCA
190002543329;ROSANGELA DE OLIVEIRA ZEIDAN;DEPUTADO ESTADUAL;PT;FEMININO;BRANCA
190002538604;MARCIO IVAN DA CONCEICAO;DEPUTADO ESTADUAL;AVANTE;MASCULINO;PARDA
190002538591;FABIO DE OLIVEIRA COSTA;DEPUTADO ESTADUAL;AVANTE;MASCULINO;BRANCA
190002537171;JOSE GUILHERME DE MORAES NETO;DEPUTADO FEDERAL;AVANTE;MASCULINO;BRANCA
190002543915;DANILO BARRETO DE SOUZA;DEPUTADO FEDERAL;DC;MASCULINO;BRANCA
190002548279;CARLOS ALBERTO SIQUEIRA DA SILVA;DEPUTADO ESTADUAL;DC;MASCULINO;BRANCA
190002547177;PAULO FERNANDO GONCALVES FERREIRA;DEPUTADO ESTADUAL;MOBILIZA;MASCULINO;PARDA
190002534105;ANDRE BENIGNO RIOS;DEPUTADO ESTADUAL;SOLIDARIEDADE;MASCULINO;BRANCA
190002539341;JUNIOR TROVAO ALVES PEREIRA;DEPUTADO FEDERAL;MDB;MASCULINO;PARDA
190002538819;ROSENVERG REIS DE OLIVEIRA;DEPUTADO ESTADUAL;MDB;MASCULINO;BRANCA
190002548254;MARIA DO PERPETUO SOCORRO DA SILVA MAGALHAES;DEPUTADO ESTADUAL;DC;FEMININO;BRANCA
190002537768;HAROLDO VICTORIANO BUNN;DEPUTADO ESTADUAL;PSB;MASCULINO;BRANCA
190002543524;MOACYR PEREIRA SALDANHA JUNIOR;DEPUTADO FEDERAL;MISSÃO;MASCULINO;BRANCA
190002543538;ANDRE FELIPE BRANDAO SANTOS;DEPUTADO ESTADUAL;MISSÃO;MASCULINO;BRANCA
190002534697;RICARDO DA SILVA BITENCOURT;DEPUTADO ESTADUAL;NOVO;MASCULINO;BRANCA
190002543325;EDNA FERREIRA CALHEIROS SARAIVA;DEPUTADO ESTADUAL;PT;FEMININO;BRANCA
190002543326;KATIA MARIA DINIZ MACILLO;DEPUTADO ESTADUAL;PT;FEMININO;BRANCA
190002543309;ANDRE LUIZ CECILIANO;DEPUTADO ESTADUAL;PT;MASCULINO;BRANCA
190002539352;RUTH CILENE DO PATROCINIO CRUZ RIBAS;DEPUTADO FEDERAL;MDB;FEMININO;PRETA
190002550030;VANDRO LOPES GONCALVES;DEPUTADO ESTADUAL;PSDB;MASCULINO;BRANCA
190002543332;MARIA DAS GRACAS GOMES FRANCO;DEPUTADO ESTADUAL;PT;FEMININO;BRANCA
190002538433;MEIRE CHRISTINE LOPES GAMARIA RODRIGUES;DEPUTADO FEDERAL;PSB;FEMININO;PARDA
190002543279;WAGNER AZEVEDO COE;DEPUTADO FEDERAL;PODE;MASCULINO;PRETA
190002543294;NEUSA KUNHA TAQUA MENDONCA MARTINE;DEPUTADO ESTADUAL;PT;FEMININO;INDÍGENA
190002550038;LEONARDO BRAGA VIEIRA MENDES;DEPUTADO ESTADUAL;PSDB;MASCULINO;BRANCA
190002537736;FABIOLA OLIVEIRA;DEPUTADO ESTADUAL;PSB;FEMININO;PRETA
190002534617;FABIANE ALVES DA SILVA PESSANHA VIEIRA;DEPUTADO FEDERAL;NOVO;FEMININO;PRETA
190002534677;CLAUDIA VIEIRA BELLO;DEPUTADO ESTADUAL;NOVO;FEMININO;BRANCA
190002534716;FERNANDO LUIZ BICUDO;DEPUTADO ESTADUAL;NOVO;MASCULINO;BRANCA
190002534841;MARCUS VINICIUS DE VASCONCELOS FERREIRA;DEPUTADO FEDERAL;PRD;MASCULINO;PARDA
190002541062;ISABEL GOMES RIBEIRO DOS SANTOS;DEPUTADO FEDERAL;PP;FEMININO;PARDA
190002543381;HEITOR DE SOUZA QUEIROZ FILHO;DEPUTADO ESTADUAL;PL;MASCULINO;BRANCA
190002548318;ANDERSON FERNANDES DOS SANTOS;DEPUTADO ESTADUAL;DC;MASCULINO;PRETA
190002534079;JOAO FELIPE DRUMOND ESPINDOLA DE FREITAS;DEPUTADO ESTADUAL;PRD;MASCULINO;BRANCA
190002541070;LENIR MORAIS FERREIRA;DEPUTADO FEDERAL;PP;FEMININO;PRETA
190002534631;JAYME TEIXEIRA DA CUNHA NETO;DEPUTADO FEDERAL;NOVO;MASCULINO;BRANCA
190002534645;CARLA VALERIA PINTO COUTINHO;DEPUTADO FEDERAL;NOVO;FEMININO;PARDA
190002533425;FRANCISCO ALVES MACHADO NETO;DEPUTADO ESTADUAL;PL;MASCULINO;BRANCA
190002537122;CARLOS ALBERTO VALENTIM COSTA;DEPUTADO ESTADUAL;AGIR;MASCULINO;BRANCA
190002534854;WILLIAN AUGUSTO BRAND PINHEIRO;DEPUTADO FEDERAL;PRD;MASCULINO;PRETA
190002534094;SIDNEY MORGADO NASCIMENTO FILHO;DEPUTADO ESTADUAL;PRD;MASCULINO;BRANCA
190002532819;EDUARDO PAZUELLO;DEPUTADO FEDERAL;PL;MASCULINO;BRANCA
190002537791;CLEBERSON MOREIRA REIS;DEPUTADO ESTADUAL;PSB;FEMININO;BRANCA
190002538019;CRISTIANE DA CONCEICAO CASTELO KAIZER;DEPUTADO ESTADUAL;PSD;FEMININO;BRANCA
190002550522;FRANCIMARA APARECIDA DAMASCENO RAMALHO TRIGUEIRO MENDES;DEPUTADO FEDERAL;PSDB;FEMININO;BRANCA
190002550490;ADRIANA KUTWAK;DEPUTADO FEDERAL;PSDB;FEMININO;BRANCA
190002538571;ADRIELLE BOR SANTANA;DEPUTADO ESTADUAL;AVANTE;FEMININO;PRETA
190002532817;DOUGLAS DE SOUZA GOMES;DEPUTADO FEDERAL;PL;MASCULINO;BRANCA
190002534072;FRANCIMARA AZEREDO DA SILVA BARBOSA LEMOS;DEPUTADO ESTADUAL;SOLIDARIEDADE;FEMININO;BRANCA
190002534068;VERONICA MARINHO DE ANDRADE;DEPUTADO ESTADUAL;SOLIDARIEDADE;FEMININO;PRETA
190002538421;MAYSA LOURENCO RAMOS KARKOUS;DEPUTADO FEDERAL;PSB;FEMININO;PRETA
190002537734;MARILEA LUCIO ORMOND;DEPUTADO ESTADUAL;PSB;FEMININO;PARDA
190002543086;SANDRO ALEX DE OLIVEIRA CEZAR;DEPUTADO FEDERAL;PT;MASCULINO;BRANCA
190002540170;ALCA DE MOURA PIRES DE MORAES;DEPUTADO FEDERAL;PSD;FEMININO;BRANCA
190002543080;ANIELLE FRANCISCO DA SILVA;DEPUTADO FEDERAL;PT;FEMININO;PRETA
190002540173;ALEXANDRE ALVES DA SILVA;DEPUTADO FEDERAL;PSD;MASCULINO;PRETA
190002550518;IZABELA SANTOS DE OLIVEIRA DUTRA;DEPUTADO FEDERAL;CIDADANIA;FEMININO;BRANCA
190002537744;MAICON COSTA NASCIMENTO;DEPUTADO ESTADUAL;PSB;MASCULINO;PARDA
190002536164;MONICA TEREZA AZEREDO BENICIO;SENADOR;PSOL;FEMININO;BRANCA
190002548141;BENEDITA SOUZA DA SILVA SAMPAIO;SENADOR;PT;FEMININO;PRETA
190002554119;LAUANE REGINA DA SILVA;DEPUTADO FEDERAL;PDT;FEMININO;PRETA
190002541829;ALINA FRANCISCA DE JESUS VIEIRA;DEPUTADO ESTADUAL;PDT;FEMININO;PRETA
190002534121;LIVIA SILVA OLIVEIRA;DEPUTADO ESTADUAL;PRD;FEMININO;BRANCA
190002537751;CARLOS MINC BAUMFELD;DEPUTADO ESTADUAL;PSB;MASCULINO;BRANCA
190002541828;PATRICIA CRISTINA DA SILVA AZEDO;DEPUTADO ESTADUAL;PDT;FEMININO;PARDA
190002549599;JOAO DINIZ DE ALMEIDA PORTO;DEPUTADO FEDERAL;PSDB;MASCULINO;BRANCA
190002550273;VANDETE MARIA SOARES;DEPUTADO ESTADUAL;PSDB;FEMININO;PARDA
190002550485;JOAO VICTOR CARVALHAES FRAGA;DEPUTADO FEDERAL;PSDB;MASCULINO;BRANCA
190002534123;JACIVANIA CRISTINA DIAS;DEPUTADO ESTADUAL;PRD;FEMININO;PRETA
190002537174;ALEXANDRE DA SILVA GOMES;DEPUTADO FEDERAL;AVANTE;MASCULINO;BRANCA
190002543281;RUBENS DA COSTA MOURA;DEPUTADO FEDERAL;PODE;MASCULINO;PRETA
190002537787;GILMAR CONCEICAO DOS SANTOS;DEPUTADO ESTADUAL;PSB;MASCULINO;PRETA
190002533715;MARCELO FELIPE ALEXANDRE;DEPUTADO ESTADUAL;PL;MASCULINO;BRANCA
190002543916;VANIA DE AGUIAR MUNIZ;DEPUTADO FEDERAL;DC;FEMININO;BRANCA
190002543343;JOZIEL FERREIRA CARLOS;DEPUTADO FEDERAL;REPUBLICANOS;MASCULINO;PRETA
190002548268;WANDERSON DOS SANTOS MOURA;DEPUTADO ESTADUAL;DC;MASCULINO;PRETA
190002533694;BRUNO ALVES BOARETTO;DEPUTADO ESTADUAL;PL;MASCULINO;BRANCA
190002533692;ALINE DE FATIMA MUNIZ DA SILVA;DEPUTADO ESTADUAL;PL;FEMININO;BRANCA
190002536103;DANIELLA MONTEIRO DA SILVA;DEPUTADO ESTADUAL;PSOL;FEMININO;PRETA
190002548585;LETICIA ROSA MARIA STOPPA;DEPUTADO FEDERAL;PODE;FEMININO;BRANCA
190002541067;MARCOS ANTONIO DA SILVA ALMEIDA;DEPUTADO FEDERAL;UNIÃO;MASCULINO;PARDA
190002538054;WAGNER MONTES;DEPUTADO ESTADUAL;PSD;MASCULINO;BRANCA
190002543078;PAULO VITOR XAVIER SANTOS;DEPUTADO FEDERAL;PT;MASCULINO;PARDA
190002544943;RAQUEL CRUZ DE SOUZA;DEPUTADO ESTADUAL;PODE;FEMININO;PRETA
190002543275;JONATHAN FELIPE SOUZA DE DEUS;DEPUTADO FEDERAL;PODE;MASCULINO;BRANCA
190002543262;CARLOS ANTONIO OLIVEIRA DE AQUINO;DEPUTADO FEDERAL;PODE;MASCULINO;PARDA
190002543267;ALEXANDRE CAMPOS LUSTOSA;DEPUTADO FEDERAL;PODE;MASCULINO;PRETA
190002543274;RAFAEL DA SILVA MATOS;DEPUTADO FEDERAL;PODE;MASCULINO;PARDA
190002541674;MARCUS ANTONIO GUEDES DOS SANTOS;DEPUTADO ESTADUAL;PP;MASCULINO;BRANCA
190002534723;RENATO MARCOS MARINS;DEPUTADO ESTADUAL;NOVO;MASCULINO;BRANCA
190002536160;JOSE RAFAEL RIBEIRO;DEPUTADO FEDERAL;PSOL;MASCULINO;BRANCA
190002536113;JOSE ANTONIO DA SILVA MATIAS;DEPUTADO ESTADUAL;PSOL;MASCULINO;PARDA
190002536142;DELMA SILVEIRA DO NASCIMENTO;DEPUTADO FEDERAL;PSOL;FEMININO;BRANCA
190002543517;VICTOR EMILIAO ANTOUN;DEPUTADO FEDERAL;MISSÃO;MASCULINO;BRANCA
190002547267;GLEICE KELLY DE PAULA PINTO;DEPUTADO FEDERAL;MOBILIZA;FEMININO;PARDA
190002547189;ASHILEY MAGALHAES XAVIER PERUSSIO;DEPUTADO ESTADUAL;MOBILIZA;FEMININO;PARDA
190002536542;CARLOS HENRIQUE DE SOUZA;DEPUTADO ESTADUAL;AGIR;MASCULINO;PARDA
190002537127;RENATO JOSE PEREIRA;DEPUTADO ESTADUAL;AGIR;MASCULINO;PARDA
190002540182;SHERAZADE DE ALMEIDA PIMENTEL NASSER MEDINA;DEPUTADO FEDERAL;PSD;FEMININO;BRANCA
190002542973;DANNIEL LIBRELON DIAS DE CASTRO;DEPUTADO ESTADUAL;REPUBLICANOS;MASCULINO;BRANCA
190002542975;ITALO DE PAULA GODINHO;DEPUTADO ESTADUAL;REPUBLICANOS;MASCULINO;PARDA
190002537119;JUCIANE GOMES;DEPUTADO ESTADUAL;AGIR;FEMININO;PARDA
190002536543;WELLINGTON DA SILVA BAPTISTA;DEPUTADO ESTADUAL;AGIR;MASCULINO;PARDA
190002536555;VALERIA MATOS JOVENTINO SOUZA SILVA;DEPUTADO ESTADUAL;AGIR;FEMININO;PARDA
190002552265;MARCOS SILVA DOS SANTOS;DEPUTADO ESTADUAL;DEMOCRATA;MASCULINO;PRETA
190002539677;MARISTELA GAIO FIGUEIRA;DEPUTADO FEDERAL;PDT;FEMININO;BRANCA
190002547271;WILLYAM GUIMARAES;DEPUTADO FEDERAL;MOBILIZA;MASCULINO;BRANCA
190002547227;ANDREZA TAVARES BRASIL;DEPUTADO ESTADUAL;MOBILIZA;FEMININO;BRANCA
190002547173;CARLOS JOSE FERREIRA DA SILVA;DEPUTADO ESTADUAL;MOBILIZA;MASCULINO;PARDA
190002550268;DIOGO VINICIUS VENTURA DE OLIVEIRA;DEPUTADO ESTADUAL;PSDB;MASCULINO;PARDA
190002543894;FLORICENA DA CONCEICAO LIMA THOMAZ;DEPUTADO FEDERAL;DC;FEMININO;PRETA
190002550463;VALESKA ROSA MACHADO;DEPUTADO ESTADUAL;PODE;FEMININO;PRETA
190002543306;CAROLINE MACHADO ONTIVEROS CESPEDES;DEPUTADO ESTADUAL;PT;FEMININO;BRANCA
190002543582;ELIKA TAKIMOTO;DEPUTADO ESTADUAL;PT;FEMININO;AMARELA
190002538047;FABIANA MARIA RODRIGUES GOMES;DEPUTADO ESTADUAL;PSD;FEMININO;BRANCA
190002543535;DAVI JOSE SOUZA DE ANDRADE;DEPUTADO ESTADUAL;MISSÃO;MASCULINO;BRANCA
190002536155;GLAUBER DE MEDEIROS BRAGA;DEPUTADO FEDERAL;PSOL;MASCULINO;BRANCA
190002550029;ANTONIO SOARES FRANCA FILHO;DEPUTADO ESTADUAL;PSDB;MASCULINO;BRANCA
190002539665;WANDERSON LUIZ CUNHA NOGUEIRA;DEPUTADO FEDERAL;PDT;MASCULINO;BRANCA
190002550280;FABIO SOARES DE OLIVEIRA;DEPUTADO ESTADUAL;PSDB;MASCULINO;PARDA
190002543368;NATHALIA DOS SANTOS MORAIS CARVALHO;DEPUTADO FEDERAL;REPUBLICANOS;FEMININO;PARDA
190002537769;GEORGE ANDRE DA SILVA SALVADOR;DEPUTADO ESTADUAL;PSB;MASCULINO;BRANCA
190002537729;FRANCISCO DE ASSIS FREITAS;DEPUTADO ESTADUAL;PSB;MASCULINO;PARDA
190002550284;URBANO DE FREITAS NETO;DEPUTADO ESTADUAL;PSDB;MASCULINO;BRANCA
190002543906;FLAVIO ROCHA GALVAO;DEPUTADO FEDERAL;DC;MASCULINO;BRANCA
190002550266;ALESSANDRA GOMES DE OLIVEIRA;DEPUTADO ESTADUAL;PSDB;FEMININO;PARDA
190002548322;ADEMIR MARQUES DA SILVA;DEPUTADO ESTADUAL;DC;MASCULINO;PARDA
190002533695;SERGIO RENATO FERREIRA MIRANDA;DEPUTADO ESTADUAL;PL;MASCULINO;BRANCA
190002548275;ALCIMAR BORGES DA SILVA;DEPUTADO ESTADUAL;DC;MASCULINO;PRETA
190002548314;NILTON CESAR PATRICIO VIANA;DEPUTADO ESTADUAL;DC;MASCULINO;PRETA
190002537739;ALEXANDRE MOLINA SANTOS;DEPUTADO ESTADUAL;PSB;MASCULINO;BRANCA
190002540171;EDIMAR TEIXEIRA;DEPUTADO FEDERAL;PSD;MASCULINO;BRANCA
190002538023;BERNARDO SANTORO PINTO MACHADO;DEPUTADO ESTADUAL;PSD;MASCULINO;BRANCA
190002534713;NICOLE DE OLIVEIRA;DEPUTADO ESTADUAL;NOVO;FEMININO;BRANCA
190002536157;EMANUEL BASTOS TORQUATO;DEPUTADO FEDERAL;PSOL;MASCULINO;BRANCA
190002534607;AZIEL SANTOS DIAS;DEPUTADO FEDERAL;NOVO;MASCULINO;PARDA
190002543021;THIAGO VIRGILIO TEIXEIRA DE SOUZA;DEPUTADO ESTADUAL;REPUBLICANOS;MASCULINO;BRANCA
190002543014;SOLANGE TEIXEIRA DA SILVA;DEPUTADO ESTADUAL;REPUBLICANOS;FEMININO;PRETA
190002543039;MARCOS APARECIDO FERNANDES PINTO;DEPUTADO ESTADUAL;REPUBLICANOS;MASCULINO;BRANCA
190002552170;JUAN CARLOS COSTA DE SOUZA;DEPUTADO ESTADUAL;REPUBLICANOS;MASCULINO;BRANCA
190002536540;THAIS TOSTES BERETA;DEPUTADO ESTADUAL;AGIR;FEMININO;BRANCA
190002537132;MANOEL VALDIVINO FERREIRA FILHO;DEPUTADO ESTADUAL;AGIR;MASCULINO;PRETA
190002537133;FABIO DE JESUS COUTO;DEPUTADO ESTADUAL;AGIR;MASCULINO;PARDA
190002543025;JOSE LUIZ LIMA ARAUJO JUNIOR;DEPUTADO ESTADUAL;REPUBLICANOS;MASCULINO;PRETA
190002543384;ROBERTO DO NASCIMENTO CID;DEPUTADO ESTADUAL;PL;MASCULINO;BRANCA
190002541659;URUAN CINTRA DE ANDRADE;DEPUTADO ESTADUAL;UNIÃO;MASCULINO;BRANCA
190002539349;FILIPE AMARO DA SILVA;DEPUTADO FEDERAL;MDB;MASCULINO;PARDA
190002533702;PRISCILLA PEREIRA BARROS VIEIRA;DEPUTADO ESTADUAL;PL;FEMININO;PARDA
190002538017;GLAUCIA PACHECO DOS SANTOS DE ARAUJO;DEPUTADO ESTADUAL;PSD;FEMININO;PRETA
190002543033;FABIO DE AZEVEDO BARBOSA;DEPUTADO ESTADUAL;REPUBLICANOS;MASCULINO;PARDA
190002548323;ALINALDO SOUSA OLIVEIRA;DEPUTADO ESTADUAL;DC;MASCULINO;PARDA
190002543085;WAGNER PAULO CORREA AVELLAR;DEPUTADO FEDERAL;PT;MASCULINO;PRETA
190002533703;RODRIGO DA COSTA MEDEIROS;DEPUTADO ESTADUAL;PL;MASCULINO;BRANCA
190002534057;ALEXANDRE BATISTA PINTO;DEPUTADO ESTADUAL;SOLIDARIEDADE;MASCULINO;PARDA
190002534096;RENATA VIEIRA SOARES;DEPUTADO ESTADUAL;SOLIDARIEDADE;FEMININO;PARDA
190002544938;MARCOS ANTONIO DA SILVA FERNANDES;DEPUTADO ESTADUAL;PODE;MASCULINO;PRETA
190002543276;MARCOS DO ESPIRITO SANTO DA SILVA;DEPUTADO FEDERAL;PODE;MASCULINO;PRETA
190002543288;RAVEL SOARES ALVARENGA;DEPUTADO FEDERAL;PODE;MASCULINO;PARDA
190002532816;DIOGO GONCALVES BALIEIRO DINIZ;DEPUTADO FEDERAL;PL;MASCULINO;BRANCA
190002539830;LORRAN LUIZ DE OLIVEIRA NEVES;DEPUTADO ESTADUAL;PSTU;MASCULINO;PRETA
190002537990;SERGIO BERNARDINO DUARTE;DEPUTADO ESTADUAL;PSD;MASCULINO;BRANCA
190002543101;LUIZ LINDBERGH FARIAS FILHO;DEPUTADO FEDERAL;PT;MASCULINO;BRANCA
190002538006;TADEU AMORIM DE BARROS JUNIOR;DEPUTADO ESTADUAL;PSD;MASCULINO;BRANCA
190002543520;FABRICIA GUTERMAN LERNER;DEPUTADO FEDERAL;MISSÃO;FEMININO;BRANCA
190002550276;JORGE EDILSON TAVARES DOS SANTOS;DEPUTADO ESTADUAL;PSDB;MASCULINO;PRETA
190002532795;SOSTENES SILVA CAVALCANTE;DEPUTADO FEDERAL;PL;MASCULINO;BRANCA
190002538564;ALCEMIR DE OLIVEIRA MACIEL;DEPUTADO ESTADUAL;AVANTE;MASCULINO;PRETA
190002540194;DANIEL RICARDO SORANZ PINTO;DEPUTADO FEDERAL;PSD;MASCULINO;BRANCA
190002537603;VERONICA APARECIDA SOARES INACIO;DEPUTADO FEDERAL;PSB;FEMININO;PARDA
190002537779;MARCOS EVANDRO TEIXEIRA PINTO;DEPUTADO ESTADUAL;PSB;MASCULINO;PARDA
190002537727;DENISE MARIA DA CONCEICAO VIEIRA;DEPUTADO ESTADUAL;PSB;FEMININO;PARDA
190002543285;JOSIANE CRISTINA PINHEIRO;DEPUTADO FEDERAL;PODE;FEMININO;PRETA
190002543270;EVERALDO ANSELMO DE ARAUJO;DEPUTADO FEDERAL;PODE;MASCULINO;BRANCA
190002554140;DEISILANE CAMPOS TORRES;DEPUTADO ESTADUAL;SOLIDARIEDADE;FEMININO;BRANCA
190002548281;VALERIA NASCIMENTO DE SOUZA;DEPUTADO ESTADUAL;DC;FEMININO;PARDA
190002538435;NESTOR LUIZ CARDOZO LOPES;DEPUTADO FEDERAL;PSB;MASCULINO;BRANCA
190002538044;ELTON CRISTO DA SILVA;DEPUTADO ESTADUAL;PSD;MASCULINO;PRETA
190002537599;JOSE FERNANDES DA SILVA JUNIOR;DEPUTADO FEDERAL;PSB;MASCULINO;BRANCA
190002538432;RAFAEL MOURA PESSOA FREIRE CHICONELI;DEPUTADO FEDERAL;PSB;MASCULINO;BRANCA
190002534073;GISELE SANTOS DO NASCIMENTO TEIXEIRA;DEPUTADO ESTADUAL;SOLIDARIEDADE;FEMININO;PARDA
190002550261;JORGE HENRIQUE PIRES PAES;DEPUTADO ESTADUAL;PSDB;MASCULINO;BRANCA
190002543527;MARCOS PAULO SOARES PINHO DE OLIVEIRA;DEPUTADO FEDERAL;MISSÃO;MASCULINO;BRANCA
190002541793;WILLIAM DOS SANTOS BARCELLOS;DEPUTADO ESTADUAL;PDT;MASCULINO;PARDA
190002543900;JULIO CESAR LOURENCO DA SILVA;DEPUTADO FEDERAL;DC;FEMININO;PARDA
190002548283;JANAINA MUSSALEM DIAS BARBOSA;DEPUTADO ESTADUAL;DC;FEMININO;BRANCA
190002539658;MARCOS PAULO BARBOSA TAVARES;DEPUTADO FEDERAL;PDT;MASCULINO;BRANCA
190002543908;OMAR CARDOSO DAMAZIO;DEPUTADO FEDERAL;DC;MASCULINO;PARDA
190002541788;CLOVIS MORORO MAGALHAES;DEPUTADO ESTADUAL;PDT;MASCULINO;BRANCA
190002554428;ANDRE PINTO DE AFONSECA;DEPUTADO FEDERAL;REPUBLICANOS;MASCULINO;BRANCA
190002543341;ADALBERTO DA CUNHA GOMES;DEPUTADO FEDERAL;REPUBLICANOS;MASCULINO;PARDA
190002532835;JULIA DE CASTRO PLACIDO;DEPUTADO FEDERAL;PL;FEMININO;PARDA
190002551215;CARLA CONCEICAO DE CASTRO PETRIS VASCONCELOS;DEPUTADO FEDERAL;DEMOCRATA;FEMININO;PRETA
190002552260;CARLOS BATISTA DOS SANTOS;DEPUTADO ESTADUAL;DEMOCRATA;MASCULINO;PRETA
190002552278;CLAUDIO GOMES DE MORAES;DEPUTADO ESTADUAL;DEMOCRATA;MASCULINO;PARDA
190002550492;ALEXANDRE MAURO PRADO;DEPUTADO FEDERAL;PSDB;MASCULINO;PARDA
190002542972;EDMAR JUNIO BRAGA DE SOUZA;DEPUTADO ESTADUAL;REPUBLICANOS;MASCULINO;BRANCA
190002534095;WELDERSON SIDNEY DA SILVA TEIXEIRA;DEPUTADO ESTADUAL;PRD;MASCULINO;BRANCA
190002537996;PEDRO RAFAEL DA SILVA SORRILHA;DEPUTADO ESTADUAL;PSD;MASCULINO;BRANCA
190002538005;BEATRIZ RETTO BOGOSSIAN;DEPUTADO ESTADUAL;PSD;FEMININO;BRANCA
190002538823;RENATO ROSA XAVIER;DEPUTADO ESTADUAL;MDB;MASCULINO;PARDA
190002539363;PAULO ANDERSON LIMA E SILVA;DEPUTADO FEDERAL;MDB;MASCULINO;BRANCA
190002547171;MARCOS RODRIGUES DA SILVA;DEPUTADO ESTADUAL;MOBILIZA;MASCULINO;BRANCA
190002547191;MARCIO AURELIO RODRIGUES CARDOSO;DEPUTADO ESTADUAL;MOBILIZA;MASCULINO;BRANCA
190002541048;MARLON CRISTIANO JORGE;DEPUTADO FEDERAL;PP;MASCULINO;BRANCA
190002541668;ADRIANA ANTUNES GUIMARAES;DEPUTADO ESTADUAL;PP;FEMININO;BRANCA
190002538854;GISELE VIEIRA FIGUEIREDO VALSA DE BARROS;DEPUTADO ESTADUAL;MDB;FEMININO;PRETA
190002547209;ANA CAROLINA DOS SANTOS FARIA DA SILVA;DEPUTADO ESTADUAL;MOBILIZA;FEMININO;BRANCA
190002540159;MARCELO VERLY DE LEMOS;DEPUTADO FEDERAL;PSD;MASCULINO;BRANCA
190002554002;MARCIA PEIXOTO DE OLIVEIRA;DEPUTADO FEDERAL;PT;FEMININO;BRANCA
190002534074;JOAO EVANGELISTA LUCAS;DEPUTADO ESTADUAL;SOLIDARIEDADE;MASCULINO;PRETA
190002543302;MARIA LUIZA DE SOUZA CORTES;DEPUTADO ESTADUAL;PT;FEMININO;PRETA
190002536560;LUIZ GUSTAVO GOMES MARTINS;DEPUTADO ESTADUAL;AGIR;MASCULINO;PARDA
190002534062;WELLINGTON PAULINO DE SOUZA;DEPUTADO ESTADUAL;SOLIDARIEDADE;MASCULINO;PARDA
190002538828;ROSANGELA SILVA LIMA;DEPUTADO ESTADUAL;MDB;FEMININO;PRETA
190002539679;CRISTIANE PELINCA DO AMARAL;DEPUTADO FEDERAL;PDT;FEMININO;PARDA
190002537995;PATRICK ALEXANDRE DE OLIVEIRA;DEPUTADO ESTADUAL;PSD;MASCULINO;PARDA
190002532798;FLAVIO CAMPOS FERREIRA;DEPUTADO FEDERAL;PL;MASCULINO;PARDA
190002550300;FRANCISCO JOSE FERREIRA DE MELLO;DEPUTADO ESTADUAL;PSDB;MASCULINO;PARDA
190002534866;LEANDRO PEREIRA NETTO;DEPUTADO FEDERAL;SOLIDARIEDADE;MASCULINO;BRANCA
190002537784;PAULO HUMBERTO RAFAEL LIMA SOLER PIZZIALI;DEPUTADO ESTADUAL;PSB;MASCULINO;BRANCA
190002537764;VILSON ROBERTO FONTES DE OLIVEIRA;DEPUTADO ESTADUAL;PSB;MASCULINO;BRANCA
190002537737;VANTOIL MEDEIROS MARTINS;DEPUTADO ESTADUAL;PSB;MASCULINO;PARDA
190002544933;LUCIANO DOS SANTOS AGUALUZA;DEPUTADO ESTADUAL;PODE;MASCULINO;BRANCA
190002541798;LUIZ HENRIQUE VIRANGE DE AGUIAR;DEPUTADO ESTADUAL;PDT;MASCULINO;PARDA
190002540154;PAULO SERGIO CORREIA DE QUEIROZ;DEPUTADO FEDERAL;PSD;MASCULINO;PARDA
190002537610;ROMERIO PEDRO DUARTE;DEPUTADO FEDERAL;PSB;MASCULINO;PRETA
190002537753;CARLOS ALBERTO DA SILVA;DEPUTADO ESTADUAL;PSB;MASCULINO;PRETA
190002541804;FABIO FEIJO DE MEDEIROS;DEPUTADO ESTADUAL;PDT;MASCULINO;PARDA
190002533716;FREDERICO AUGUSTO CRUZ PACHECO;DEPUTADO ESTADUAL;PL;MASCULINO;BRANCA
190002538594;FRANCISCO MANOEL DE CARVALHO;DEPUTADO ESTADUAL;AVANTE;MASCULINO;BRANCA
190002543338;BRENDOW LINCOLN DOS SANTOS SIMAS;DEPUTADO FEDERAL;REPUBLICANOS;MASCULINO;BRANCA
190002539653;LEON GOMES CELESTINO;DEPUTADO FEDERAL;PDT;MASCULINO;PRETA
190002541797;RODRIGO OLIVEIRA DA SILVA;DEPUTADO ESTADUAL;PDT;MASCULINO;PRETA
190002541805;CARLOS ALBERTO DE PAULA DIAS JUNIOR;DEPUTADO ESTADUAL;PDT;MASCULINO;BRANCA
190002537124;MARCEL DOS SANTOS PASSAGEM;DEPUTADO ESTADUAL;AGIR;MASCULINO;PARDA
190002543586;ISAAC SOUZA DA SILVA RICALDE;DEPUTADO ESTADUAL;PCDOB;MASCULINO;BRANCA
190002543367;ALEX DOS SANTOS SILVA GONCALVES;DEPUTADO FEDERAL;REPUBLICANOS;MASCULINO;BRANCA
190002536564;MARLI ALVES DA SILVA;DEPUTADO ESTADUAL;AGIR;FEMININO;PRETA
190002541676;FELIPE MICHEL;DEPUTADO ESTADUAL;PP;MASCULINO;BRANCA
190002547178;DIOGO INACIO NASCIMENTO DA SILVA;DEPUTADO ESTADUAL;MOBILIZA;MASCULINO;PARDA
190002552189;VAGNER LUIZ MASSEAUX DA SILVA;DEPUTADO FEDERAL;MOBILIZA;MASCULINO;PARDA
190002537609;ADRIANO CARVALHO DA ROCHA;DEPUTADO FEDERAL;PSB;MASCULINO;BRANCA
190002539356;MARIO LUCIO DE SOUZA AGUIAR;DEPUTADO FEDERAL;MDB;MASCULINO;BRANCA
190002538820;CHARLES COZZOLINO;DEPUTADO ESTADUAL;MDB;MASCULINO;BRANCA
190002554439;ELZA MARIA CAVALCANTE DE MEDEIROS;DEPUTADO ESTADUAL;UP;FEMININO;PRETA
190002543092;MARCELO RIBEIRO FREIXO;DEPUTADO FEDERAL;PT;MASCULINO;BRANCA
190002543091;NISIA VERONICA TRINDADE LIMA;DEPUTADO FEDERAL;PT;FEMININO;BRANCA
190002538031;JOAO VITOR PIRES NASCIMENTO;DEPUTADO ESTADUAL;PSD;MASCULINO;BRANCA
190002543515;CARLOS EDUARDO DE MORAES CYRILO;DEPUTADO FEDERAL;MISSÃO;MASCULINO;PARDA
190002547194;RAPHAEL BARBOSA GONCALVES;DEPUTADO ESTADUAL;MOBILIZA;MASCULINO;BRANCA
190002547187;ANTONIO CARLOS CALDAS DA CUNHA;DEPUTADO ESTADUAL;MOBILIZA;MASCULINO;BRANCA
190002543073;RODNEY CEZAR DE ALBUQUERQUE;DEPUTADO FEDERAL;PV;MASCULINO;PARDA
190002536108;LUCIANA BOITEUX DE FIGUEIREDO RODRIGUES;DEPUTADO ESTADUAL;PSOL;FEMININO;BRANCA
190002547205;ANDRE LUIZ FERREIRA DE SOUZA;DEPUTADO ESTADUAL;MOBILIZA;MASCULINO;PRETA
190002537738;EZAQUIEL SIQUEIRA DA CONCEICAO;DEPUTADO ESTADUAL;PSB;MASCULINO;PRETA
190002544923;LIVIA APARECIDA MEDEIROS;DEPUTADO ESTADUAL;PODE;FEMININO;PARDA
190002548286;BIANCA NETO DE OLIVEIRA;DEPUTADO ESTADUAL;DC;FEMININO;PARDA
190002537754;FLAVIO DOS SANTOS;DEPUTADO ESTADUAL;PSB;MASCULINO;PARDA
190002537782;ERICA APARECIDA DOS SANTOS COELHO;DEPUTADO ESTADUAL;PSB;FEMININO;PRETA
190002548288;VANIA CRISTINA PEREIRA MARTINS;DEPUTADO ESTADUAL;DC;FEMININO;PRETA
190002538046;JUNIA ESPINHA CARDOSO;DEPUTADO ESTADUAL;PSD;FEMININO;BRANCA
190002543005;RODRIGO RODRIGUES DA FONSECA;DEPUTADO ESTADUAL;REPUBLICANOS;MASCULINO;BRANCA
190002551218;NEUZELI DOS SANTOS RAMOS;DEPUTADO FEDERAL;DEMOCRATA;FEMININO;BRANCA
190002552280;MARCELO DE ARAUJO AUGUSTO;DEPUTADO ESTADUAL;DEMOCRATA;MASCULINO;BRANCA
190002550294;CHRISTIANNE DUARTE GAROIU;DEPUTADO ESTADUAL;PSDB;FEMININO;BRANCA
190002552249;RICARDO MATICERA ARAUJO CHAMORRO;DEPUTADO ESTADUAL;DEMOCRATA;MASCULINO;BRANCA
190002550306;ALINE PIRES MATTOS;DEPUTADO ESTADUAL;PSDB;FEMININO;BRANCA
190002550497;TAYANE GANDRA ORRICO;DEPUTADO FEDERAL;PSDB;FEMININO;BRANCA
190002550517;ELIANE DE CASTRO MORAES;DEPUTADO FEDERAL;PSDB;FEMININO;BRANCA
190002536548;PAULO SERGIO GOMES FILHO;DEPUTADO ESTADUAL;AGIR;MASCULINO;BRANCA
190002539668;CARLOS VINICIUS GOMES DE ASSIS;DEPUTADO FEDERAL;PDT;MASCULINO;BRANCA
190002534093;CAMILA PALERMO TOBLER;DEPUTADO ESTADUAL;SOLIDARIEDADE;FEMININO;BRANCA
190002533713;LAIS JORDY SANT ANNA SOARES DE MATTOS;DEPUTADO ESTADUAL;PL;FEMININO;BRANCA
190002534711;YARA MOEMA DA SILVEIRA MELHEM HAQUIM;DEPUTADO ESTADUAL;NOVO;FEMININO;BRANCA
190002532826;FERNANDO PRINCIPE MARTINS;DEPUTADO FEDERAL;PL;MASCULINO;BRANCA
190002532799;EDNARDO D AVILA MELLO RAPOSO;DEPUTADO FEDERAL;PL;MASCULINO;BRANCA
190002540168;MICHELLE CLAVERY HOLANDA;DEPUTADO FEDERAL;PSD;FEMININO;BRANCA
190002552283;SEBASTIAO JOSE DE ANDRADE;DEPUTADO ESTADUAL;DEMOCRATA;MASCULINO;PRETA
190002551211;FERNANDA DOS SANTOS FERNANDES;DEPUTADO FEDERAL;DEMOCRATA;FEMININO;PARDA
190002551207;LUCIANO FREITAS MANHAES;DEPUTADO FEDERAL;DEMOCRATA;MASCULINO;PARDA
190002552279;EVANDRO LOURENCO DE LIMA;DEPUTADO ESTADUAL;DEMOCRATA;MASCULINO;PRETA
190002538030;GUILHERME NOGUEIRA SCHLEDER;DEPUTADO ESTADUAL;PSD;MASCULINO;BRANCA
190002541059;CHRISTIANO COSTA VILELA ALVERNAZ;DEPUTADO FEDERAL;PP;MASCULINO;BRANCA
190002547263;SERGIO ALEXANDRE RIBEIRO FERREIRA;DEPUTADO FEDERAL;MOBILIZA;MASCULINO;PRETA
190002547262;JOAO MARCELO VIDAL FERREIRA;DEPUTADO FEDERAL;MOBILIZA;MASCULINO;BRANCA
190002539650;THIAGO VALERIO DA SILVA;DEPUTADO FEDERAL;PDT;MASCULINO;PARDA
190002533712;PAULA CAROLINE QUINTANILHA DE AZEVEDO MENDES;DEPUTADO ESTADUAL;PL;FEMININO;BRANCA
190002548289;CARLOS DOS SANTOS ADRIANO OLIVEIRA;DEPUTADO ESTADUAL;DC;MASCULINO;BRANCA
190002550299;VERA RAMOS DA SILVA;DEPUTADO ESTADUAL;CIDADANIA;FEMININO;BRANCA
190002552530;ASSIDIO FRANCISCO DO NASCIMENTO;DEPUTADO FEDERAL;PCO;MASCULINO;PRETA
190002552531;PEDRO ARTHUR DINIZ GOMES;DEPUTADO ESTADUAL;PCO;MASCULINO;PARDA
190002550279;CARLOS VIEIRA MENDES;DEPUTADO ESTADUAL;PSDB;MASCULINO;BRANCA
190002534625;ALEXANDRE CARVALHO DA SILVA;DEPUTADO FEDERAL;NOVO;MASCULINO;BRANCA
190002538827;AUGUSTO PEREIRA DE CASTRO;DEPUTADO ESTADUAL;MDB;MASCULINO;BRANCA
190002539344;ALINE ARARIBA E SILVA;DEPUTADO FEDERAL;MDB;FEMININO;BRANCA
190002539361;CHRISTIANNE CARNEIRO MONTEIRO MEIRELLES;DEPUTADO FEDERAL;MDB;FEMININO;BRANCA
190002538866;EDSON CAMARA;DEPUTADO ESTADUAL;MDB;MASCULINO;BRANCA
190002541647;KAROLINE DA SILVA MENDEZ;DEPUTADO ESTADUAL;PP;FEMININO;PARDA
190002541066;LUAN LENNON CAMACHO BRAGA OLIVEIRA;DEPUTADO FEDERAL;PP;MASCULINO;BRANCA
190002533422;GABRIELA MARIA GONCALVES AZEVEDO;DEPUTADO ESTADUAL;PL;FEMININO;BRANCA
190002544913;HUDSON LUIS DAS NEVES TAVARES;DEPUTADO ESTADUAL;PODE;MASCULINO;PARDA
190002544946;SAUL RIBEIRO DE OLIVEIRA;DEPUTADO ESTADUAL;PODE;MASCULINO;PRETA
190002539666;MARCO AURELIO ALVES;DEPUTADO FEDERAL;PDT;MASCULINO;PRETA
190002550278;ALESSANDRO PEREIRA PINHO;DEPUTADO ESTADUAL;PSDB;MASCULINO;BRANCA
190002532828;JEAN CARLOS DIAS BARBOSA LOPES;DEPUTADO FEDERAL;PL;MASCULINO;PRETA
190002541799;VITOR HUGO MOREIRA ELIZEU;DEPUTADO ESTADUAL;PDT;MASCULINO;PARDA
190002541789;JAIME ALVES AROXA NETO;DEPUTADO ESTADUAL;PDT;MASCULINO;BRANCA
190002541809;ANDREA PINTO BARROS RIBEIRO;DEPUTADO ESTADUAL;PDT;FEMININO;PARDA
190002543307;RENATO DA COSTA MACHADO;DEPUTADO ESTADUAL;PT;MASCULINO;PARDA
190002533697;RALPH GRACIE;DEPUTADO ESTADUAL;PL;MASCULINO;BRANCA
190002548278;LUIZ EDUARDO FRANCISCO DA SILVA;DEPUTADO ESTADUAL;DC;MASCULINO;BRANCA
190002548258;HUMBERTO ALVES BARRETO JUNIOR;DEPUTADO ESTADUAL;DC;MASCULINO;INDÍGENA
190002550182;WAGNER DOS SANTOS CARNEIRO;SENADOR;REPUBLICANOS;MASCULINO;PARDA
190002541785;WELLINGTON RIBEIRO LACERDA DE LIMA;DEPUTADO ESTADUAL;PDT;MASCULINO;PARDA
190002539337;CHARLES MAURICIO DA SILVA;DEPUTADO FEDERAL;MDB;MASCULINO;BRANCA
190002538422;TATIANA MARINS ROQUE;DEPUTADO FEDERAL;PSB;FEMININO;BRANCA
190002537994;CLAUDIA SOARES DOS SANTOS;DEPUTADO ESTADUAL;PSD;FEMININO;BRANCA
190002550516;JOSE FLAVIO FERREIRA SALDANHA;DEPUTADO FEDERAL;PSDB;MASCULINO;BRANCA
190002534850;JOSE HENRIQUE PEREIRA DA COSTA VIEIRA;DEPUTADO FEDERAL;PRD;MASCULINO;BRANCA
190002534066;JAIRO SOUZA BISPO DOS SANTOS;DEPUTADO ESTADUAL;SOLIDARIEDADE;MASCULINO;PRETA
190002534120;HELBIA SANT ANA BARRETO GONCALVES BRANDAO NEVES;DEPUTADO ESTADUAL;SOLIDARIEDADE;FEMININO;PARDA
190002537732;AILTON DA SILVA FREITAS;DEPUTADO ESTADUAL;PSB;MASCULINO;PARDA
190002543896;PAULO HENRIQUE DOS SANTOS;DEPUTADO FEDERAL;DC;MASCULINO;PARDA
190002537777;JANAINA MONTEIRO DO NASCIMENTO;DEPUTADO ESTADUAL;PSB;FEMININO;PRETA
190002543912;SONIA MARIA FERNANDES SOARES;DEPUTADO FEDERAL;DC;FEMININO;PARDA
190002548285;SONIA MARIA LOPES DE OLIVEIRA;DEPUTADO ESTADUAL;DC;FEMININO;PARDA
190002537755;MARCO AURELIO BARCELLOS XAVIER;DEPUTADO ESTADUAL;PSB;MASCULINO;PARDA
190002532836;LUIZ EDUARDO SOUZA DOS SANTOS REGO;DEPUTADO FEDERAL;PL;MASCULINO;PARDA
190002534624;GIOVANNA MIGUEL ABREU;DEPUTADO FEDERAL;NOVO;FEMININO;BRANCA
190002537607;PAULA NEVES MAGALHAES DE BARROS;DEPUTADO FEDERAL;PSB;FEMININO;BRANCA
190002537771;DEISE FRANKLIN DE FREITAS;DEPUTADO ESTADUAL;PSB;FEMININO;PRETA
190002538434;IGOR CRESPO MARCOS;DEPUTADO FEDERAL;PSB;MASCULINO;PARDA
190002537780;LUCIANA RODRIGUES ALVES BENTO;DEPUTADO ESTADUAL;PSB;FEMININO;PARDA
190002550293;CESAR ALMEIDA ASSUMPCAO;DEPUTADO ESTADUAL;PSDB;MASCULINO;PARDA
190002543887;ALINE DO NASCIMENTO VIANA;DEPUTADO FEDERAL;DC;FEMININO;PARDA
190002543512;NEIMAR BRANDAO HEVIA DO VALLE;DEPUTADO FEDERAL;MISSÃO;MASCULINO;BRANCA
190002543537;RUI MOTA SALDANHA;DEPUTADO ESTADUAL;MISSÃO;MASCULINO;BRANCA
190002537524;ANDRE BOURGUIGNON MARINHO;GOVERNADOR;NOVO;MASCULINO;BRANCA
190002553944;VALMIR DE ALMEIDA;DEPUTADO FEDERAL;NOVO;MASCULINO;PRETA
190002534119;FLAVIA GOMES TOMAZ DOS SANTOS;DEPUTADO ESTADUAL;PRD;FEMININO;PRETA
190002548295;FERNANDO ALEX MARTINS;DEPUTADO ESTADUAL;DC;MASCULINO;BRANCA
190002533684;ALEXANDRE GOMES KNOPLOCH DOS SANTOS;DEPUTADO ESTADUAL;PL;MASCULINO;BRANCA
190002534698;GUSTAVO ADOLPHO DA ROCHA BUSSE;DEPUTADO ESTADUAL;NOVO;MASCULINO;BRANCA
190002534733;LEOCIR DAL PAI;DEPUTADO ESTADUAL;NOVO;MASCULINO;BRANCA
190002536150;MIRIANA BARBOSA AMARAL;DEPUTADO FEDERAL;PSOL;FEMININO;PARDA
190002538568;BRUNO SA MONTEIRO DE BARROS;DEPUTADO ESTADUAL;AVANTE;MASCULINO;PARDA
190002544940;NUBIA FLORES DA SILVA;DEPUTADO ESTADUAL;PODE;FEMININO;PRETA
190002544950;TANIA SILVA CAETANO;DEPUTADO ESTADUAL;PODE;FEMININO;PRETA
190002541636;PAULO CESAR MELO DE SA;DEPUTADO ESTADUAL;UNIÃO;MASCULINO;BRANCA
190002537136;THIAGO SANTANA ROSA;DEPUTADO FEDERAL;AVANTE;MASCULINO;PARDA
190002534684;FABIANA MIGUEL ACUCENA;DEPUTADO ESTADUAL;NOVO;FEMININO;BRANCA
190002541646;RAFAELLE FIRMINO DOS SANTOS;DEPUTADO ESTADUAL;UNIÃO;FEMININO;BRANCA
190002536541;KEILA MARIA PRUDENCIO DOS SANTOS;DEPUTADO ESTADUAL;AGIR;FEMININO;PARDA
190002536538;ARY CEZAR MILESI JUNIOR;DEPUTADO ESTADUAL;AGIR;MASCULINO;PARDA
190002537157;GABRIEL FERNANDES DE OLIVEIRA PEREIRA;DEPUTADO FEDERAL;AVANTE;MASCULINO;PARDA
190002537158;RONALDO SANTOS DE PAULA;DEPUTADO FEDERAL;AVANTE;MASCULINO;PRETA
190002534701;ANA LUISA DA SILVA FRANCO;DEPUTADO ESTADUAL;NOVO;FEMININO;PARDA
190002544918;THIAGO VIEIRA OLIVEIRA;DEPUTADO ESTADUAL;PODE;MASCULINO;PARDA
190002543096;JANDIRA FEGHALI;DEPUTADO FEDERAL;PCDOB;FEMININO;BRANCA
190002550271;MARCELINO ANTONIO D ALMEIDA;DEPUTADO ESTADUAL;PSDB;MASCULINO;BRANCA
190002550301;IVAN DO VALLE LIMA;DEPUTADO ESTADUAL;PSDB;MASCULINO;PARDA
190002533676;OCTAVIO SAMPAIO DA COSTA DE PAULA;DEPUTADO ESTADUAL;PL;MASCULINO;BRANCA
190002536138;GUILHERME PIMENTEL SPREAFICO BRAGA;DEPUTADO FEDERAL;PSOL;MASCULINO;BRANCA
190002540184;MARIA LAURA MONTEZA DE SOUZA CARNEIRO;DEPUTADO FEDERAL;PSD;FEMININO;PARDA
190002550309;ANDRE DA SILVA MARTINS;DEPUTADO ESTADUAL;CIDADANIA;MASCULINO;BRANCA
190002532815;DAVI DE OLIVEIRA RODRIGUES;DEPUTADO FEDERAL;PL;MASCULINO;PARDA
190002532797;MAURO MARCIO DE PAULA ROSA;DEPUTADO FEDERAL;PL;MASCULINO;BRANCA
190002538576;WALLACE DE SOUZA BERNARDES;DEPUTADO ESTADUAL;AVANTE;MASCULINO;BRANCA
190002541046;BRUNO MARINI;DEPUTADO FEDERAL;UNIÃO;MASCULINO;BRANCA
190002538018;CARLA MARIA MACHADO DOS SANTOS;DEPUTADO ESTADUAL;PSD;FEMININO;PARDA
190002537756;ALEXSANDRO VIEIRA MARTINS;DEPUTADO ESTADUAL;PSB;MASCULINO;PRETA
190002550028;CHARLES RODRIGUES DE CARVALHO SCIAMMARELLA;DEPUTADO ESTADUAL;PSDB;MASCULINO;BRANCA
190002543068;CRISLAINE COELHO NASCIMENTO;DEPUTADO FEDERAL;PT;FEMININO;PRETA
190002538000;JOYCE TRINDADE DE FARIA GAMA;DEPUTADO ESTADUAL;PSD;FEMININO;PRETA
190002552248;WALTER BENJAMIN DAS NEVES;DEPUTADO ESTADUAL;DEMOCRATA;MASCULINO;PRETA
190002550486;JONATAS RIBEIRO CASTELO BRANCO;DEPUTADO FEDERAL;PSDB;MASCULINO;BRANCA
190002543070;LEONARDO CARNEIRO MONTEIRO PICCIANI;DEPUTADO FEDERAL;PV;MASCULINO;BRANCA
190002537763;EDISON JOSE DA SILVA;DEPUTADO ESTADUAL;PSB;MASCULINO;PRETA
190002541074;EDIO ANTONIO RODRIGUES NETO;DEPUTADO FEDERAL;UNIÃO;MASCULINO;BRANCA
190002534867;RONALDO DO CARMO ANQUIETA;DEPUTADO FEDERAL;PRD;MASCULINO;PRETA
190002550033;MANOEL FRANCISCO DE FREITAS SALES;DEPUTADO ESTADUAL;PSDB;MASCULINO;BRANCA
190002532805;WLADIMIR BARROS ASSED MATHEUS DE OLIVEIRA;DEPUTADO FEDERAL;PL;MASCULINO;BRANCA
190002541051;CARLOS DE ARSOLINO;DEPUTADO FEDERAL;UNIÃO;FEMININO;PARDA
190002538027;MARCOS MARINS SOARES;DEPUTADO ESTADUAL;PSD;MASCULINO;BRANCA
190002538424;DARLA DE GOIS;DEPUTADO FEDERAL;PSB;FEMININO;BRANCA
190002537789;WAGNER MARINHO TAVARES;DEPUTADO ESTADUAL;PSB;MASCULINO;BRANCA
190002552264;RONALDO CERQUEIRA LEMOS;DEPUTADO ESTADUAL;DEMOCRATA;MASCULINO;BRANCA
190002551202;ELCIO SOUZA FERREIRA;DEPUTADO FEDERAL;DEMOCRATA;MASCULINO;PARDA
190002551201;JUDAS TADEU DA SILVA;DEPUTADO FEDERAL;DEMOCRATA;MASCULINO;BRANCA
190002552237;RENATO CESAR TEIXEIRA DE LIMA;DEPUTADO ESTADUAL;DEMOCRATA;MASCULINO;PRETA
190002552261;CARLOS ALEXANDRE DOS SANTOS FERRAO;DEPUTADO ESTADUAL;DEMOCRATA;MASCULINO;BRANCA
190002532838;MARINARA PEREIRA DA COSTA;DEPUTADO FEDERAL;PL;FEMININO;BRANCA
190002537797;PAULO HORN;DEPUTADO ESTADUAL;PSB;MASCULINO;BRANCA
190002537762;NILTON FAUSTINO FILHO;DEPUTADO ESTADUAL;PSB;MASCULINO;PRETA
190002537742;MICHELLE ALMEIDA DE SOUSA;DEPUTADO ESTADUAL;PSB;FEMININO;PARDA
190002553915;ANTONIO ROBERTO DE SOUZA AZEVEDO;DEPUTADO ESTADUAL;NOVO;MASCULINO;BRANCA
190002538574;JOSE CARLOS DE SOUZA;DEPUTADO ESTADUAL;AVANTE;MASCULINO;PRETA
190002536133;ANDERSON ANDRE DA COSTA RIBEIRO;DEPUTADO ESTADUAL;PSOL;MASCULINO;INDÍGENA
190002544925;MARCOS MOURA DOS REIS;DEPUTADO ESTADUAL;PODE;MASCULINO;PARDA
190002537758;SERGIO LUIZ LOPES DOS SANTOS;DEPUTADO ESTADUAL;PSB;MASCULINO;PRETA
190002538037;LUIZ PAULO CORREA DA ROCHA;DEPUTADO ESTADUAL;PSD;MASCULINO;BRANCA
190002543875;ÉRITON BRAGANÇA SOARES LOPES;DEPUTADO FEDERAL;DC;MASCULINO;BRANCA
190002554310;WILSON CARLOS MARTINS;DEPUTADO FEDERAL;DEMOCRATA;MASCULINO;PRETA
190002551525;ROSEMERE RAMOS FIGUEIREDO;DEPUTADO FEDERAL;DEMOCRATA;FEMININO;PRETA
190002552243;MOISES VIEIRA DAMASIO;DEPUTADO ESTADUAL;DEMOCRATA;MASCULINO;BRANCA
190002552276;PAULO BERTO DA SILVA;DEPUTADO ESTADUAL;DEMOCRATA;MASCULINO;PARDA
190002552272;CARLOS HENRIQUE BARBOSA RIBEIRO;DEPUTADO ESTADUAL;DEMOCRATA;MASCULINO;PARDA
190002551216;LUIS CLAUDIO RIBEIRO DE ARAUJO;DEPUTADO FEDERAL;DEMOCRATA;MASCULINO;BRANCA
190002552267;ANTONIO CELSO FERREIRA COSTA;DEPUTADO ESTADUAL;DEMOCRATA;MASCULINO;PRETA
190002552258;ANDERSON VELOZO MENDES;DEPUTADO ESTADUAL;DEMOCRATA;MASCULINO;PARDA
190002537765;RICARDO DA CRUZ CARLOS;DEPUTADO ESTADUAL;PSB;MASCULINO;PRETA
190002543510;YAGO MEDEIROS VARGAS PECANHA;DEPUTADO FEDERAL;MISSÃO;MASCULINO;PARDA
190002534616;CREBYLON NINO GONCALVES LOPES SILVA;DEPUTADO FEDERAL;NOVO;MASCULINO;PARDA
190002533421;DANIEL MARQUES FREDERICO;DEPUTADO ESTADUAL;PL;MASCULINO;BRANCA
190002537120;EDSON SALTEIRO CAVALCANTI DE SA;DEPUTADO ESTADUAL;AGIR;MASCULINO;BRANCA
190002551210;GILSON ARAUJO DIAS PEREIRA GONCALVES;DEPUTADO FEDERAL;DEMOCRATA;MASCULINO;BRANCA
190002532822;GUTEMBERG DE PAULA FONSECA;DEPUTADO FEDERAL;PL;MASCULINO;BRANCA
190002541800;LEONARDO ROCHA LUPI;DEPUTADO ESTADUAL;PDT;MASCULINO;BRANCA
190002533688;ALEXANDRE ISQUIERDO MOREIRA;DEPUTADO ESTADUAL;PL;MASCULINO;BRANCA
190002536147;ARIANE CHAVES MAGALHAES;DEPUTADO FEDERAL;PSOL;FEMININO;PRETA
190002536122;MARCUS VINICIUS TEODORO LOPES;DEPUTADO ESTADUAL;PSOL;MASCULINO;BRANCA
190002553939;DIEGO RODRIGUES MARQUES;DEPUTADO ESTADUAL;MOBILIZA;MASCULINO;PARDA
190002533424;JAIR DE SIQUEIRA BITTENCOURT JUNIOR;DEPUTADO ESTADUAL;PL;MASCULINO;PARDA
190002536143;DENILSON PRATA DA SILVA;DEPUTADO FEDERAL;PSOL;MASCULINO;PARDA
190002534704;GENILSON DE BARROS FERREIRA;DEPUTADO ESTADUAL;NOVO;MASCULINO;BRANCA
190002536139;VINICIUS OLIVEIRA DE ARAUJO;DEPUTADO FEDERAL;PSOL;MASCULINO;PARDA
190002534450;CLAUDIO MARCIO TEIXEIRA MOTTA;DEPUTADO ESTADUAL;NOVO;MASCULINO;BRANCA
190002543289;PAULO CESAR FERREIRA;DEPUTADO FEDERAL;PODE;MASCULINO;PARDA
190002544932;HUDSON FERREIRA DA SILVA;DEPUTADO ESTADUAL;PODE;MASCULINO;BRANCA
190002534619;DAYVIANE FERNANDES GARCIA;DEPUTADO FEDERAL;NOVO;FEMININO;BRANCA
190002534690;EDSON MARCELO RODRIGUES;DEPUTADO ESTADUAL;NOVO;MASCULINO;BRANCA
190002538625;VIVIANY DA SILVA PEREIRA;DEPUTADO ESTADUAL;AVANTE;FEMININO;PRETA
190002541083;ANGELA MARIA TENORIO DE ALBUQUERQUE;DEPUTADO FEDERAL;UNIÃO;FEMININO;BRANCA
190002538582;ERIKA MESQUITA PINTO DOS SANTOS;DEPUTADO ESTADUAL;AVANTE;FEMININO;BRANCA
190002538584;ANA LUCIA DA SILVA COSTA;DEPUTADO ESTADUAL;AVANTE;FEMININO;PARDA
190002538580;ANA CECILIA CARDOSO DA SILVA;DEPUTADO ESTADUAL;AVANTE;FEMININO;PRETA
190002540186;FRANCIS VIEIRA DA SILVA;DEPUTADO FEDERAL;PSD;FEMININO;PRETA
190002543351;ALCIONE DE JESUS AMANCIO;DEPUTADO FEDERAL;REPUBLICANOS;FEMININO;PRETA
190002534075;FABIO TOBIAS DE ARAUJO;DEPUTADO ESTADUAL;PRD;MASCULINO;PARDA
190002543012;JANAINA RIBEIRO GONCALVES;DEPUTADO ESTADUAL;REPUBLICANOS;FEMININO;PARDA
190002536539;CATIUCIA MORAES BARCELOS;DEPUTADO ESTADUAL;AGIR;FEMININO;PARDA
190002537125;ELIEL DOS SANTOS CEZARIO;DEPUTADO ESTADUAL;AGIR;MASCULINO;PRETA
190002537121;ROGERIA DAS FLORES QUARESMA;DEPUTADO ESTADUAL;AGIR;FEMININO;PARDA
190002543357;BRUNO DA SILVA NASCIMENTO;DEPUTADO FEDERAL;REPUBLICANOS;MASCULINO;PARDA
190002541812;JOCIMAR VAZ FREIRE;DEPUTADO ESTADUAL;PDT;MASCULINO;BRANCA
190002539657;PAULO ROBERTO DA SILVA CARVALHO;DEPUTADO FEDERAL;PDT;MASCULINO;PRETA
190002548145;PEDRO PAULO CARVALHO TEIXEIRA;SENADOR;PSD;MASCULINO;BRANCA
190002540175;FABIO MARCOS DA SILVA FERNANDES;DEPUTADO FEDERAL;PSD;MASCULINO;BRANCA
190002537795;NILTON WILSON SALOMAO;DEPUTADO ESTADUAL;PSB;MASCULINO;BRANCA
190002534688;ALESSANDRA ESEQUIEL MARTINS DOS SANTOS;DEPUTADO ESTADUAL;NOVO;FEMININO;INDÍGENA
190002541052;MARGARET PEREIRA DA SILVA;DEPUTADO FEDERAL;UNIÃO;FEMININO;BRANCA
190002540157;RENAN FERREIRINHA CARNEIRO;DEPUTADO FEDERAL;PSD;MASCULINO;BRANCA
190002543914;WAGNER PIRES COELHO;DEPUTADO FEDERAL;DC;MASCULINO;PARDA
190002543966;DURCILENE ADRIELI SILVA SANTOS;DEPUTADO ESTADUAL;UP;FEMININO;PRETA
190002536149;JULIA CASAMASSO MATTOSO;DEPUTADO FEDERAL;PSOL;FEMININO;BRANCA
190002543079;DANIELLE NUNES ROSA DE OLIVEIRA;DEPUTADO FEDERAL;PT;FEMININO;PARDA
190002538425;ANDRE DOS SANTOS DE SANTANA;DEPUTADO FEDERAL;PSB;MASCULINO;PARDA
190002537131;VICTOR SETARO DE ALCANTARA PAIXAO;DEPUTADO ESTADUAL;AGIR;MASCULINO;BRANCA
190002538427;ADEMIR DIAS DA SILVA;DEPUTADO FEDERAL;PSB;MASCULINO;PRETA
190002532831;IGOR PORTO GAVAZZI;DEPUTADO FEDERAL;PL;MASCULINO;BRANCA
190002543372;MAGDALA FURTADO AMORIM;DEPUTADO FEDERAL;REPUBLICANOS;FEMININO;BRANCA
190002540180;SALVINO OLIVEIRA BARBOSA;DEPUTADO FEDERAL;PSD;MASCULINO;PARDA
190002548312;SERGIO LUIZ PINTO;DEPUTADO ESTADUAL;DC;MASCULINO;PRETA
190002543889;ANDERSON LUIZ PEREIRA;DEPUTADO FEDERAL;DC;MASCULINO;PRETA
190002543872;JONAS DE SOUZA NETO;DEPUTADO FEDERAL;DC;MASCULINO;PARDA
190002533690;MARCIO ALEXANDRO DE SOUZA;DEPUTADO ESTADUAL;PL;MASCULINO;PARDA
190002543254;WILSON ALVES DE SOUSA;DEPUTADO FEDERAL;PODE;MASCULINO;BRANCA
190002543290;THIAGO SILVA DE NAZARETH;DEPUTADO FEDERAL;PODE;MASCULINO;BRANCA
190002543213;LAIS JORDY SANT ANNA SOARES DE MATTOS;DEPUTADO FEDERAL;PL;FEMININO;BRANCA
190002532810;ALTINEU CORTES FREITAS COUTINHO;DEPUTADO FEDERAL;PL;MASCULINO;PARDA
190002543255;RENATO ROCHA;DEPUTADO FEDERAL;PODE;MASCULINO;PARDA
190002543260;NILTON GALDINO DA SILVA;DEPUTADO FEDERAL;PODE;MASCULINO;PRETA
190002544937;DAVID BARBOSA NOGUEIRA;DEPUTADO ESTADUAL;PODE;MASCULINO;BRANCA
190002538014;VINICIUS COZZOLINO ABRAHAO;DEPUTADO ESTADUAL;PSD;MASCULINO;BRANCA
190002551523;MYLENA COSTA MOREIRA;DEPUTADO FEDERAL;DEMOCRATA;FEMININO;BRANCA
190002551212;THIAGO NUNES DOS SANTOS SOUZA;DEPUTADO FEDERAL;DEMOCRATA;MASCULINO;BRANCA
190002552255;FRANCIANA MACHADO DOMINGOS;DEPUTADO ESTADUAL;DEMOCRATA;FEMININO;PRETA
190002534088;SARAH PONCIO SILVA DE SOUZA;DEPUTADO ESTADUAL;SOLIDARIEDADE;FEMININO;BRANCA
190002551542;KLEIN CUNHA DUARTE;DEPUTADO FEDERAL;DEMOCRATA;MASCULINO;BRANCA
190002543509;EUBER LUCAS RIBEIRO;DEPUTADO FEDERAL;MISSÃO;MASCULINO;PARDA
190002543522;DHEBORA DA SILVA DOMINGOS DE PAIVA;DEPUTADO FEDERAL;MISSÃO;FEMININO;PRETA
190002551527;JONAS DE LIMA;DEPUTADO FEDERAL;DEMOCRATA;MASCULINO;PARDA
190002551208;ZENILDA DE FATIMA DA SILVA;DEPUTADO FEDERAL;DEMOCRATA;FEMININO;PRETA
190002534718;ADAIR DIAS VIEIRA;DEPUTADO ESTADUAL;NOVO;MASCULINO;PARDA
190002536104;ALEXANDRE CAMPOS INACIO DA FONSECA;DEPUTADO ESTADUAL;PSOL;MASCULINO;BRANCA
190002541802;SERGIO ALBERTO CORREA DA ROCHA;DEPUTADO ESTADUAL;PDT;MASCULINO;BRANCA
190002543061;AMELIA LEAL DE ALMEIDA;DEPUTADO FEDERAL;PT;FEMININO;BRANCA
190002541792;PEDRO HENRIQUE FONTES FARIA DE AZEVEDO;DEPUTADO ESTADUAL;PDT;MASCULINO;BRANCA
190002541841;LUIZ ALEXANDRE SILVA DOS SANTOS;DEPUTADO ESTADUAL;PDT;MASCULINO;PRETA
190002550523;LILIAN LIGIA DE MEDEIROS DE FREITAS;DEPUTADO FEDERAL;PSDB;FEMININO;BRANCA
190002540158;OTONI MOURA DE PAULO JUNIOR;DEPUTADO FEDERAL;PSD;MASCULINO;PRETA
190002534069;JONATHAN FERREIRA DA SILVA;DEPUTADO ESTADUAL;SOLIDARIEDADE;MASCULINO;PARDA
190002539472;GILMAR LELIS DO CARMO;DEPUTADO FEDERAL;PSD;MASCULINO;PRETA
190002543337;LIVIA SOARES BELLO DA SILVA;DEPUTADO FEDERAL;REPUBLICANOS;FEMININO;BRANCA
190002542990;RAFAELA DE OLIVEIRA BARROS;DEPUTADO ESTADUAL;REPUBLICANOS;FEMININO;PRETA
190002551374;VLADEMIR DA SILVA JESUINO;DEPUTADO FEDERAL;REPUBLICANOS;MASCULINO;PRETA
190002543017;PAULA CRISTINA MATTOSO BISPO CASTRO;DEPUTADO ESTADUAL;REPUBLICANOS;FEMININO;PRETA
190002542988;PEDRO HENRIQUE DA CRUZ DE CARVALHO;DEPUTADO ESTADUAL;REPUBLICANOS;MASCULINO;PRETA
190002542976;CARLOS DE SOUZA GRACA ARANHA;DEPUTADO ESTADUAL;REPUBLICANOS;MASCULINO;BRANCA
190002536554;CHRISTIANE BATISTA NERI;DEPUTADO ESTADUAL;AGIR;FEMININO;BRANCA
190002536546;MARCELO VERDAM LESSA;DEPUTADO ESTADUAL;AGIR;MASCULINO;PARDA
190002542984;LIGIA ALVES VIEIRA DE SA;DEPUTADO ESTADUAL;REPUBLICANOS;FEMININO;PARDA
190002543002;JOSE MAURICIO BITENCOURT VALENTE;DEPUTADO ESTADUAL;REPUBLICANOS;MASCULINO;PARDA
190002543013;ULISSES NEVES GALL;DEPUTADO ESTADUAL;REPUBLICANOS;MASCULINO;PARDA
190002536558;DEBORA RIBEIRO CAETANO;DEPUTADO ESTADUAL;AGIR;FEMININO;BRANCA
190002537114;BARBARA TEIXEIRA DA SILVA DE OLIVEIRA;DEPUTADO ESTADUAL;AGIR;FEMININO;BRANCA
190002533428;BRUNO BASTOS LESSA;DEPUTADO ESTADUAL;PL;MASCULINO;BRANCA
190002537785;MARCIA REGINA DE OLIVEIRA;DEPUTADO ESTADUAL;PSB;FEMININO;PARDA
190002539343;ADELINA SOARES PITANGA;DEPUTADO FEDERAL;MDB;FEMININO;BRANCA
190002541820;HELOISE CRISTINE CORDEIRO DA SILVA SANTOS;DEPUTADO ESTADUAL;PDT;FEMININO;PARDA
190002536553;JORGE LUIZ DE FREITAS DIAS;DEPUTADO ESTADUAL;AGIR;MASCULINO;BRANCA
190002534641;ANA CAROLINA SPONZA BRAGA;DEPUTADO FEDERAL;NOVO;FEMININO;BRANCA
190002534707;ALEXANDRE MARTINS DE AGUIAR;DEPUTADO ESTADUAL;NOVO;MASCULINO;PARDA
190002534872;ERICA DE OLIVEIRA BISPO;DEPUTADO FEDERAL;PRD;FEMININO;PARDA
190002534630;DANIELLE GABRIEL ROURA;DEPUTADO FEDERAL;NOVO;FEMININO;PARDA
190002553931;JUAREZ RODRIGUES DA SILVA;DEPUTADO FEDERAL;NOVO;MASCULINO;PARDA
190002534621;LEDA HELENA MOREIRA ALVES;DEPUTADO FEDERAL;NOVO;FEMININO;BRANCA
190002534710;RAUL FERNANDO GONCALVES GOMES;DEPUTADO ESTADUAL;NOVO;MASCULINO;PARDA
190002536162;WILLIAM CARLOS BRUM BISPO;GOVERNADOR;PSOL;MASCULINO;BRANCA
190002547169;DALMO JORGE DE OLIVEIRA FERREIRA;DEPUTADO ESTADUAL;MOBILIZA;MASCULINO;PRETA
190002543064;BENNY BRIOLLY ROSA DA SILVA SANTOS;DEPUTADO FEDERAL;PT;FEMININO;PRETA
190002538850;MAYARA CALICIA RODRIGUES FLOR;DEPUTADO ESTADUAL;MDB;FEMININO;PRETA
190002538829;ALBERTO ERNANI DA NOBREGA SILVA;DEPUTADO ESTADUAL;MDB;MASCULINO;BRANCA
190002541682;MARCIO CORREIA DE OLIVEIRA;DEPUTADO ESTADUAL;UNIÃO;MASCULINO;BRANCA
190002540190;MARCIO PORTO DE REZENDE;DEPUTADO FEDERAL;PSD;MASCULINO;BRANCA
190002537792;WALACE RIBEIRO NASCIMENTO;DEPUTADO ESTADUAL;PSB;MASCULINO;PRETA
190002536105;CLARICE SALLES CHACON;DEPUTADO ESTADUAL;PSOL;FEMININO;BRANCA
190002538832;CELIA MARIA MENEZES SOARES ALVES;DEPUTADO ESTADUAL;MDB;FEMININO;PARDA
190002539672;MARTHA MESQUITA DA ROCHA;DEPUTADO FEDERAL;PDT;FEMININO;BRANCA
190002548264;SIMONE RODRIGUES FEITOSA;DEPUTADO ESTADUAL;DC;FEMININO;BRANCA
190002541645;LUIZ FILIPE PINTO BUSTILHO;DEPUTADO ESTADUAL;UNIÃO;MASCULINO;BRANCA
190002543375;AMANDA CARVALHO OLIVEIRA REBELO DE ALBUQUERQUE;DEPUTADO FEDERAL;REPUBLICANOS;FEMININO;BRANCA
190002536141;ANDRE MAGALHAES BARROS;DEPUTADO FEDERAL;PSOL;MASCULINO;BRANCA
190002534839;AUREO LIDIO MOREIRA RIBEIRO;DEPUTADO FEDERAL;SOLIDARIEDADE;MASCULINO;BRANCA
190002550289;CARLOS ALBERTO LAVRADO CUPELLO;DEPUTADO ESTADUAL;PSDB;MASCULINO;BRANCA
190002543349;LEANDRO DE AZEVEDO;DEPUTADO FEDERAL;REPUBLICANOS;MASCULINO;BRANCA
190002532832;MAURILIO RIBEIRO SCHIAVO;DEPUTADO FEDERAL;PL;MASCULINO;BRANCA
190002548260;VALCINEY DE ALMEIDA DINIZ;DEPUTADO ESTADUAL;DC;MASCULINO;PARDA
190002548317;FRANCISCO BORGES DO ROSARIO;DEPUTADO ESTADUAL;DC;MASCULINO;PRETA
190002534609;JULIANA SANTOS DA CRUZ DE ALMEIDA;DEPUTADO FEDERAL;NOVO;FEMININO;PRETA
190002534721;WELBER MOTTA DE ASSIS;DEPUTADO ESTADUAL;NOVO;MASCULINO;PARDA
190002536130;CARLOS MARCELO NUNES;DEPUTADO ESTADUAL;REDE;MASCULINO;PRETA
190002536134;ELIOMAR DE SOUZA COELHO;DEPUTADO ESTADUAL;REDE;MASCULINO;BRANCA
190002544930;LEANDRO DELGADO PINHEIRO LACERDA;DEPUTADO ESTADUAL;PODE;MASCULINO;BRANCA
190002541819;ROBERTA SILVA PEREIRA;DEPUTADO ESTADUAL;PDT;FEMININO;PRETA
190002554296;ADELE FATIMA HAHLBOHM CARNEIRO;DEPUTADO FEDERAL;MDB;FEMININO;PARDA
190002538578;CLAUDIA VALENTINA DA CUNHA E SILVA;DEPUTADO ESTADUAL;AVANTE;FEMININO;BRANCA
190002541671;FABIO FRANCISCO DA SILVA;DEPUTADO ESTADUAL;UNIÃO;MASCULINO;BRANCA
190002533430;CARLOS RENAN LEAL DE MATTOS;DEPUTADO ESTADUAL;PL;MASCULINO;BRANCA
190002533674;CARLOS AUGUSTO NOGUEIRA PINTO;DEPUTADO ESTADUAL;PL;MASCULINO;BRANCA
190002538567;EDUARDO ALVES CABRAL;DEPUTADO ESTADUAL;AVANTE;MASCULINO;PRETA
190002548589;MICHELLY XAVIER DE SOUZA;SENADOR;UP;FEMININO;PRETA
190002550482;CRISTIANO JOSE RODRIGUES DE SOUZA;DEPUTADO FEDERAL;PSDB;MASCULINO;BRANCA
190002550505;ANTONIO CESAR DE JESUS DOREA;DEPUTADO FEDERAL;PSDB;MASCULINO;PARDA
190002547241;LUIS CARLOS DA SILVA VIEIRA;DEPUTADO FEDERAL;MOBILIZA;MASCULINO;PARDA
190002547220;JANAINA TRINTIN DA SILVA;DEPUTADO ESTADUAL;MOBILIZA;FEMININO;PARDA
190002552525;EDILEUZA APARECIDA LACERDA RAMOS;DEPUTADO FEDERAL;PCO;FEMININO;PARDA
190002550022;MARIA DA PENHA DE SOUZA FERREIRA;DEPUTADO ESTADUAL;PSDB;FEMININO;PRETA
190002543082;ROSIMERI DA SILVA MARONGIU;DEPUTADO FEDERAL;PT;FEMININO;PRETA
190002538840;PATRICIA REGINA DOMINGOS DA SILVA;DEPUTADO ESTADUAL;MDB;FEMININO;BRANCA
190002543301;PAULO CESAR GONCALVES LADEIRA;DEPUTADO ESTADUAL;PV;MASCULINO;BRANCA
190002533708;RICARDO DE SOUZA COSTA;DEPUTADO ESTADUAL;PL;MASCULINO;BRANCA
190002533705;BRUNO PORTO DE ALMEIDA;DEPUTADO ESTADUAL;PL;MASCULINO;BRANCA
190002533706;GUILHERME JANDRE DELAROLI;DEPUTADO ESTADUAL;PL;MASCULINO;BRANCA
190002541076;LUIS FERNANDO AZEVEDO SILVA;DEPUTADO FEDERAL;UNIÃO;MASCULINO;BRANCA
190002538607;ROSEMARY PEDREIRA NUNES CABRAL;DEPUTADO ESTADUAL;AVANTE;FEMININO;PARDA
190002537139;ALEXANDER NASCIMENTO DE OLIVEIRA;DEPUTADO FEDERAL;AVANTE;MASCULINO;PRETA
190002538599;IANDRA DA SILVA;DEPUTADO ESTADUAL;AVANTE;FEMININO;PRETA
190002539470;DAILVA BASILIO CRUZ;DEPUTADO FEDERAL;PSD;FEMININO;PRETA
190002538626;ALEXANDRE DOS SANTOS SALGADO;DEPUTADO ESTADUAL;AVANTE;MASCULINO;PRETA
190002541807;CLAUDIO CEZAR CAVALCANTE DOS SANTOS;DEPUTADO ESTADUAL;PDT;MASCULINO;BRANCA
190002541813;ROBERTO HORTA JARDIM SALLES;DEPUTADO ESTADUAL;PDT;MASCULINO;BRANCA
190002541087;CAROLINE NUNES SOBRINHO;DEPUTADO FEDERAL;UNIÃO;FEMININO;BRANCA
190002537757;MARCO ANTONIO SILVA LIMA;DEPUTADO ESTADUAL;PSB;MASCULINO;PRETA
190002543883;SOLANGE ROSA DE SOUZA;DEPUTADO FEDERAL;DC;FEMININO;PRETA
190002547229;BENEDITO ROGERIO CHAGAS DO NASCIMENTO;DEPUTADO ESTADUAL;MOBILIZA;MASCULINO;PRETA
190002541075;ISOLDA BATISTA ALEIXO;DEPUTADO FEDERAL;PP;FEMININO;PARDA
190002541088;CRISTIANE FONTES VIEGAS;DEPUTADO FEDERAL;PP;FEMININO;BRANCA
190002541670;HYGOR DE SOUZA BARCELLOS;DEPUTADO ESTADUAL;PP;MASCULINO;PARDA
190002547228;ANTONIO ALVES BARRETO JUNIOR;DEPUTADO ESTADUAL;MOBILIZA;MASCULINO;BRANCA
190002547251;MARCOS DIAS BORGES;DEPUTADO FEDERAL;MOBILIZA;MASCULINO;PRETA
190002547256;MARIA AMELIA DE SOUZA PINTO ROCHA;DEPUTADO FEDERAL;MOBILIZA;FEMININO;BRANCA
190002539664;MICHELE DE CARVALHO FERREIRA DA SILVA;DEPUTADO FEDERAL;PDT;FEMININO;PARDA
190002552526;HENRIQUE VITAL BRAZIL SIMONARD;DEPUTADO FEDERAL;PCO;MASCULINO;BRANCA
190002551200;NELSON MERRWELVELSON FERREIRA E SOUZA;DEPUTADO FEDERAL;DEMOCRATA;MASCULINO;BRANCA
190002543334;CELITA DA SILVA TOLEDO;DEPUTADO FEDERAL;REPUBLICANOS;FEMININO;BRANCA
190002543023;MARIA DA PENHA CONCEICAO DA SILVA;DEPUTADO ESTADUAL;REPUBLICANOS;FEMININO;PRETA
190002542979;ALESSANDRO GONCALVES PIRES VAZ;DEPUTADO ESTADUAL;REPUBLICANOS;MASCULINO;BRANCA
190002543010;DANIELE DOS SANTOS GOULART;DEPUTADO ESTADUAL;REPUBLICANOS;FEMININO;BRANCA
190002547239;JORGE MURILO RODRIGUES DE MORAES;DEPUTADO FEDERAL;MOBILIZA;MASCULINO;BRANCA
190002547261;JAMIL JORGE DA COSTA LIMA;DEPUTADO FEDERAL;MOBILIZA;MASCULINO;BRANCA
190002547193;JOSE LUIZ VILLAR;DEPUTADO ESTADUAL;MOBILIZA;MASCULINO;BRANCA
190002547206;ORLANDO CAIXAO SILVINO;DEPUTADO ESTADUAL;MOBILIZA;MASCULINO;BRANCA
190002543026;ERIK JULIO FERNANDES CARVALHO;DEPUTADO ESTADUAL;REPUBLICANOS;MASCULINO;BRANCA
190002543311;VINICIOS DE MORAES BETIOL;DEPUTADO ESTADUAL;PT;MASCULINO;BRANCA
190002543278;JOSE PORTUGAL NETO;DEPUTADO FEDERAL;PODE;MASCULINO;PRETA
190002539333;LEDIARA GOMES VELASCO FARIA;DEPUTADO FEDERAL;MDB;FEMININO;BRANCA
190002538833;JOSE RENATO CARDOZO MOURA;DEPUTADO ESTADUAL;MDB;MASCULINO;BRANCA
190002534706;VALMIR DE ALMEIDA;DEPUTADO ESTADUAL;NOVO;MASCULINO;PRETA
190002534734;ALEXANDRE TEIXEIRA DE FREITAS RODRIGUES;DEPUTADO ESTADUAL;NOVO;MASCULINO;BRANCA
190002548276;KARLA WERONICA COELHO DE CARVALHO LYSANDRO BARRETO;DEPUTADO ESTADUAL;DC;FEMININO;BRANCA
190002541655;RICARDO BOARETTO DE SIQUEIRA;DEPUTADO ESTADUAL;PP;MASCULINO;PARDA
190002543880;GUSTAVO ANTUNES MODESTO SCHMIDT;DEPUTADO FEDERAL;DC;MASCULINO;BRANCA
190002537991;PEDRO DUARTE DOS SANTOS SOARES JUNIOR;DEPUTADO ESTADUAL;PSD;MASCULINO;BRANCA
190002543878;CIRLENE MOZER;DEPUTADO FEDERAL;DC;FEMININO;BRANCA
190002550500;TALITA GALHARDO MARTINS BORGES SOUSA;DEPUTADO FEDERAL;PSDB;FEMININO;BRANCA
190002540198;CYRO GARCIA;GOVERNADOR;PSTU;MASCULINO;PRETA
190002538013;ALZINIR SANTANA DE FREITAS;DEPUTADO ESTADUAL;PSD;MASCULINO;BRANCA
190002534623;GILSON SENNA FILHO;DEPUTADO FEDERAL;NOVO;MASCULINO;BRANCA
190002539354;FELIPE JOSE DE CARVALHO CORREA;DEPUTADO FEDERAL;MDB;MASCULINO;BRANCA
190002544954;RAIMUNDO NONATO TRINTA;DEPUTADO ESTADUAL;PODE;MASCULINO;BRANCA
190002539684;DEJORGE PATRICIO DA SILVA;DEPUTADO FEDERAL;PDT;MASCULINO;PRETA
190002548253;FRANCISCO MAURO FARIAS PERES;DEPUTADO ESTADUAL;DC;MASCULINO;BRANCA
190002550491;EDMUNDO ALVES DE SOUZA NETO;DEPUTADO FEDERAL;PSDB;MASCULINO;BRANCA
190002553943;RAPHAEL GADELHA LUCCHI;DEPUTADO FEDERAL;NOVO;MASCULINO;PARDA
190002534620;MARCIO JOSE CORREA ALVES;DEPUTADO FEDERAL;NOVO;MASCULINO;BRANCA
190002541685;MARIZE ANTONIA SILVA ARAUJO;DEPUTADO ESTADUAL;PP;FEMININO;PARDA
190002541056;ALCIO PEREIRA;DEPUTADO FEDERAL;PP;MASCULINO;BRANCA
190002541086;RENATO COZZOLINO HARB;DEPUTADO FEDERAL;PP;MASCULINO;BRANCA
190002550040;ELIEZER SANTOS ROCHA;DEPUTADO ESTADUAL;PSDB;MASCULINO;BRANCA
190002550262;MARCELO DE SOUZA LESSA;DEPUTADO ESTADUAL;PSDB;MASCULINO;BRANCA
190002538815;ANA KARLA GUIMARAES LUCAS;DEPUTADO ESTADUAL;MDB;FEMININO;BRANCA
190002539355;LECYMAR PARAGUASSU BATISTA SANTOS LA RUBIA;DEPUTADO FEDERAL;MDB;FEMININO;PARDA
190002543280;GABRIELLE ROCHA DOS ANJOS SILVA;DEPUTADO FEDERAL;PODE;FEMININO;PRETA
190002544914;ANTONIO CARLOS DA CUNHA GONCALVES;DEPUTADO ESTADUAL;PODE;MASCULINO;PARDA
190002536547;JOSE CARLOS DIAS DOS SANTOS;DEPUTADO ESTADUAL;AGIR;MASCULINO;BRANCA
190002537161;JOSE AUGUSTO RODRIGUES SARMENTO;DEPUTADO FEDERAL;AVANTE;MASCULINO;PARDA
190002543011;VITOR STEFAN GAYOSO;DEPUTADO ESTADUAL;REPUBLICANOS;MASCULINO;BRANCA
190002542974;MARCIA COELHO DE PAIVA;DEPUTADO ESTADUAL;REPUBLICANOS;FEMININO;BRANCA
190002551209;JOSE ROZENDO PACHECO DA SILVA PALMEIRA;DEPUTADO FEDERAL;DEMOCRATA;MASCULINO;PRETA
190002534685;ERICK SANTOS DA CRUZ;DEPUTADO ESTADUAL;NOVO;MASCULINO;BRANCA
190002550496;ROSANE FELIX DO NASCIMENTO MALTA;DEPUTADO FEDERAL;PSDB;FEMININO;PARDA
190002548261;JOAO VICENTE DE AMORIM GONCALVES;DEPUTADO ESTADUAL;DC;MASCULINO;BRANCA
190002548266;ADEMIR RODRIGUES DA SILVA;DEPUTADO ESTADUAL;DC;MASCULINO;PARDA
190002539674;ELAINE SAMPAIO DO NASCIMENTO DIAS;DEPUTADO FEDERAL;PDT;FEMININO;PRETA
190002548291;JORGE COUTINHO;DEPUTADO ESTADUAL;DC;MASCULINO;PRETA
190002534712;SHIRLEY CONCEICAO SILVA DE MORAES;DEPUTADO ESTADUAL;NOVO;FEMININO;PARDA
190002547181;GUILHERME MENEZES DA SILVA;DEPUTADO ESTADUAL;MOBILIZA;MASCULINO;BRANCA
190002547183;JAIR ANTONIO RAMOS;DEPUTADO ESTADUAL;MOBILIZA;MASCULINO;PRETA
190002547202;MARCELO FERNANDES DA SILVA;DEPUTADO ESTADUAL;MOBILIZA;MASCULINO;BRANCA
190002552229;FLOR AMERICA HUANGAL BAZAN;DEPUTADO ESTADUAL;DEMOCRATA;FEMININO;BRANCA
190002552268;TALITA GOMES DOS SANTOS;DEPUTADO ESTADUAL;DEMOCRATA;FEMININO;PRETA
190002552282;IVAN DE OLIVEIRA BAPTISTA;DEPUTADO ESTADUAL;DEMOCRATA;MASCULINO;BRANCA
190002534722;ANTONIO UOSTOM BORGES GERMANO;DEPUTADO ESTADUAL;NOVO;MASCULINO;BRANCA
190002552247;LEILA SERPA DOS SANTOS;DEPUTADO ESTADUAL;DEMOCRATA;FEMININO;PRETA
190002541649;JOSE ADRIANO VALLE DA COSTA;DEPUTADO ESTADUAL;PP;MASCULINO;BRANCA
190002550502;MARCIA CRISTINA DA SILVA VALENTIM;DEPUTADO FEDERAL;PSDB;FEMININO;PARDA
190002544951;REGINA MARIA EVARISTO RAINER PONTES;DEPUTADO ESTADUAL;PODE;FEMININO;BRANCA
190002554508;MATILDES DA SILVA SILVEIRA;DEPUTADO FEDERAL;PL;FEMININO;BRANCA
190002539686;AXEL SCHMIDT GRAEL;DEPUTADO FEDERAL;PDT;MASCULINO;BRANCA
190002550296;DANIELA CAMPOS LEAL ARREGUE;DEPUTADO ESTADUAL;PSDB;FEMININO;BRANCA
190002538051;LUCAS DIAS RODRIGUES;DEPUTADO ESTADUAL;PSD;MASCULINO;BRANCA
190002548263;MARCOS ALCIDES SOUZA DA SILVA;DEPUTADO ESTADUAL;DC;MASCULINO;BRANCA
190002543282;MARCUS AUGUSTUS FUSCO FERREIRA;DEPUTADO FEDERAL;PODE;MASCULINO;PARDA
190002543273;MARCELO PEDRO DO NASCIMENTO DA SILVA;DEPUTADO FEDERAL;PODE;MASCULINO;BRANCA
190002541054;CLEBIO LOPES PEREIRA;DEPUTADO FEDERAL;UNIÃO;MASCULINO;PARDA
190002534853;PAOLA DA SILVA DANIEL;DEPUTADO FEDERAL;PRD;FEMININO;BRANCA
190002534622;KELLY CRISTINA SILVA DE FARIA;DEPUTADO FEDERAL;NOVO;FEMININO;PRETA
190002543266;ALEX DE SOUSA OLIVEIRA;DEPUTADO FEDERAL;PODE;MASCULINO;PRETA
190002532834;CHRISTINE NOGUEIRA DOS REIS TONIETTO;DEPUTADO FEDERAL;PL;FEMININO;BRANCA
190002536569;MARCUS VINICIUS OLIVEIRA DE SOUZA;DEPUTADO ESTADUAL;AGIR;MASCULINO;PARDA
190002543315;SEBASTIAO WAGNER BERRIEL;DEPUTADO ESTADUAL;PT;MASCULINO;BRANCA
190002541091;ANTONIO EDUARDO GONCALVES DE RUEDA;DEPUTADO FEDERAL;UNIÃO;MASCULINO;BRANCA
190002548274;ANDERSON DA SILVA DIAS;DEPUTADO ESTADUAL;DC;MASCULINO;PARDA
190002538040;MARCELO BORGES DA SILVA;DEPUTADO ESTADUAL;PSD;MASCULINO;BRANCA
190002534451;ALBA LEA DE OLIVEIRA MONTEIRO;DEPUTADO ESTADUAL;NOVO;FEMININO;BRANCA
190002543967;MONIQUE GONCALO ZUMA;DEPUTADO ESTADUAL;UP;FEMININO;BRANCA
190002534727;CARLOS EDUARDO DE SOUZA CABRAL;DEPUTADO ESTADUAL;NOVO;MASCULINO;BRANCA
190002536145;HENRIQUE DOS SANTOS VIEIRA LIMA;DEPUTADO FEDERAL;PSOL;MASCULINO;PRETA
190002539331;SEVERINO INOCENCIO RAMOS FILHO;DEPUTADO FEDERAL;MDB;MASCULINO;BRANCA
190002550025;MARIA AGUEDA MOURA DE SOUZA;DEPUTADO ESTADUAL;CIDADANIA;FEMININO;BRANCA
190002541690;MARIA EDUARDA BIANCHI DOS SANTOS PRADO;DEPUTADO ESTADUAL;UNIÃO;FEMININO;BRANCA
190002541664;WALLACE DE ALMEIDA DOS SANTOS;DEPUTADO ESTADUAL;UNIÃO;MASCULINO;PRETA
190002532812;PRISCIANE MENDES DE ARAUJO SILVEIRA;DEPUTADO FEDERAL;PL;FEMININO;BRANCA
190002537165;MARCUS VENISSIUS DA SILVA BARBOSA;DEPUTADO FEDERAL;AVANTE;MASCULINO;BRANCA
190002541632;FRANCISCO JOSE DOS SANTOS FILHO;DEPUTADO ESTADUAL;PP;MASCULINO;PRETA
190002538629;GLORIA SANTOS CORREA;DEPUTADO ESTADUAL;AVANTE;FEMININO;PARDA
190002532809;FILIPPE MEDEIROS POUBEL;DEPUTADO FEDERAL;PL;MASCULINO;BRANCA
190002537141;VINICIUS RODRIGUES VIEIRA;DEPUTADO FEDERAL;AVANTE;MASCULINO;PARDA
190002537612;GRACIANE DA SILVA MAURICIO;DEPUTADO FEDERAL;PSB;FEMININO;BRANCA
190002537145;ALAIDE DE MELO SILVA;DEPUTADO FEDERAL;AVANTE;FEMININO;PARDA
190002551541;JESSICA DA SILVA HIATH;DEPUTADO FEDERAL;DEMOCRATA;FEMININO;BRANCA
190002552259;SILAS DE MENDONCA CHAVES;DEPUTADO ESTADUAL;DEMOCRATA;MASCULINO;BRANCA
190002552271;DISRAELI ULRICH DE OLIVEIRA;DEPUTADO ESTADUAL;DEMOCRATA;MASCULINO;PARDA
190002537177;LUIZ HENRIQUE DOS SANTOS FERREIRA;DEPUTADO FEDERAL;AVANTE;MASCULINO;PARDA
190002537142;WELINGTON BRAGA DE SOUSA;DEPUTADO FEDERAL;AVANTE;MASCULINO;BRANCA
190002539649;MARCIA HELENA BRAGA;DEPUTADO FEDERAL;PDT;FEMININO;BRANCA
190002534681;SIMONE SOARES DA SILVA FOLLY;DEPUTADO ESTADUAL;NOVO;FEMININO;PARDA
190002534692;MARIO JESUS CHAGAS DA ROSA JUNIOR;DEPUTADO ESTADUAL;NOVO;MASCULINO;BRANCA
190002536112;PEDRO PAULO MONTEIRO DA SILVA NASSIF;DEPUTADO ESTADUAL;PSOL;MASCULINO;BRANCA
190002541657;MEIRE APARECIDA RODRIGUES DE MOURA;DEPUTADO ESTADUAL;PP;FEMININO;BRANCA
190002541635;FELIPE MENDES GONCALVES DE OLIVEIRA;DEPUTADO ESTADUAL;PP;MASCULINO;PARDA
190002541665;EDSON TEIXEIRA DOS SANTOS;DEPUTADO ESTADUAL;PP;MASCULINO;PRETA
190002547270;ANTONIA PEREIRA;DEPUTADO FEDERAL;MOBILIZA;FEMININO;BRANCA
190002552528;RENATO BULHOES GOES BASTOS;DEPUTADO FEDERAL;PCO;MASCULINO;BRANCA
190002534679;RENATA CORREA CLAUDINO;DEPUTADO ESTADUAL;NOVO;FEMININO;PRETA
190002534876;BENY MACHADO BALABRAM;DEPUTADO FEDERAL;SOLIDARIEDADE;MASCULINO;BRANCA
190002543015;ELAYDE NUNES DE OLIVEIRA;DEPUTADO ESTADUAL;REPUBLICANOS;FEMININO;BRANCA
190002542981;CLAYTON PABLO DE OLIVEIRA AMADOR;DEPUTADO ESTADUAL;REPUBLICANOS;MASCULINO;BRANCA
190002538602;JEANINE DOMENECH DE VASCONCELLOS;DEPUTADO ESTADUAL;AVANTE;FEMININO;BRANCA
190002537164;RENATO COSTA DE OLIVEIRA;DEPUTADO FEDERAL;AVANTE;MASCULINO;BRANCA
190002550190;CLEMENTE SEBASTIAO DE ALMEIDA CAMPOS;SENADOR;DEMOCRATA;MASCULINO;BRANCA
190002550032;GLAUBER PESSOA BASTOS;DEPUTADO ESTADUAL;PSDB;MASCULINO;BRANCA
190002538836;LUIZ FERNANDO DUARTE CORREA;DEPUTADO ESTADUAL;MDB;MASCULINO;BRANCA
190002538001;MIRIAN MAGDA DE PAULA PORTO;DEPUTADO ESTADUAL;PSD;FEMININO;BRANCA
190002537138;GERMANA MEDEIROS FREITAS D ASSUNCAO;DEPUTADO FEDERAL;AVANTE;FEMININO;BRANCA
190002536523;FRANCISCO ROGERIO LEANDRO RAMOS;DEPUTADO ESTADUAL;AGIR;MASCULINO;BRANCA
190002536525;DAVID LOURENCO DE BARROS;DEPUTADO ESTADUAL;AGIR;MASCULINO;BRANCA
190002539471;HUGO LEAL MELO DA SILVA;DEPUTADO FEDERAL;PSD;MASCULINO;BRANCA
190002543327;LEONEL QUERINO DA SILVA NETO;DEPUTADO ESTADUAL;PT;MASCULINO;PRETA
190002541068;FELIPE LOBATO CURI;DEPUTADO FEDERAL;PP;MASCULINO;BRANCA
190002534640;ALEX DE SOUZA FERREIRA;DEPUTADO FEDERAL;NOVO;MASCULINO;PARDA
190002543884;HUMBERTO MARTINS DUARTE;DEPUTADO FEDERAL;DC;MASCULINO;PARDA
190002538430;VAGNER MARTINS LUCINDO;DEPUTADO FEDERAL;PSB;MASCULINO;PRETA
190002537778;TANIA MERCES BACELLAR DE OLIVEIRA;DEPUTADO ESTADUAL;PSB;FEMININO;BRANCA
190002541637;BRUNO FELGUEIRA DAUAIRE;DEPUTADO ESTADUAL;UNIÃO;MASCULINO;BRANCA
190002543102;DIMAS DE PAIVA GADELHA JUNIOR;DEPUTADO FEDERAL;PT;MASCULINO;PARDA
190002538426;IVANA MARIA RODRIGUES MOREIRA;DEPUTADO FEDERAL;PSB;FEMININO;BRANCA
190002543576;ROSE CIPRIANO LAPA;DEPUTADO ESTADUAL;PT;FEMININO;PRETA
190002538440;DERCILEI FRANCA LEONARDO;DEPUTADO FEDERAL;PSB;MASCULINO;BRANCA
190002541806;MARIZA FERNANDES DA SILVA;DEPUTADO ESTADUAL;PDT;FEMININO;BRANCA
190002534719;SYLVIO ANTONIO LUCAS DE OLIVEIRA;DEPUTADO ESTADUAL;NOVO;MASCULINO;PRETA
190002534725;DAYAN DA SILVA BRITO;DEPUTADO ESTADUAL;NOVO;MASCULINO;PARDA
190002548269;VITOR BARBOSA CORREA;DEPUTADO ESTADUAL;DC;MASCULINO;BRANCA
190002536135;JAIME ALBINO VELOSO;DEPUTADO ESTADUAL;REDE;MASCULINO;PARDA
190002541811;MARCELL PEREIRA NUNES CASTRO DE SOUZA;DEPUTADO ESTADUAL;PDT;MASCULINO;BRANCA
190002543573;LILIAN PRATES BELEM BEHRING;DEPUTADO ESTADUAL;PCDOB;FEMININO;BRANCA
190002541077;MAURICIO PINHEIRO DE CARVALHO;DEPUTADO FEDERAL;PP;MASCULINO;BRANCA
190002534639;BIANCA GARCIA COSTA;DEPUTADO FEDERAL;NOVO;FEMININO;BRANCA
190002539656;JORGENETE PEREIRA HULPAN;DEPUTADO FEDERAL;PDT;FEMININO;PRETA
190002541815;ABIGUAR RODRIGUES CLAUDIO FILHO;DEPUTADO ESTADUAL;PDT;MASCULINO;PRETA
190002539330;JOAO ALVES FERREIRA;DEPUTADO FEDERAL;MDB;MASCULINO;PARDA
190002542991;THAIANNE BARBOSA DE MORAES CAVALCANTE;DEPUTADO ESTADUAL;REPUBLICANOS;FEMININO;BRANCA
190002543340;LUCIANO ALVES DE AZEVEDO;DEPUTADO FEDERAL;REPUBLICANOS;MASCULINO;BRANCA
190002543370;ALEXANDRE RODRIGUES PINTO;DEPUTADO FEDERAL;REPUBLICANOS;MASCULINO;BRANCA
190002542977;CLEITON SILVA DE ASSIS;DEPUTADO ESTADUAL;REPUBLICANOS;MASCULINO;PARDA
190002543007;WALLACE DA SILVA CORREA;DEPUTADO ESTADUAL;REPUBLICANOS;MASCULINO;BRANCA
190002541832;MARCUS VINICIUS MEILMAN DA SILVA PINTO;DEPUTADO ESTADUAL;PDT;MASCULINO;BRANCA
190002532813;ALANA DE OLIVEIRA PASSOS DE SOUZA;DEPUTADO FEDERAL;PL;FEMININO;BRANCA
190002536146;RODRIGO POCA DE SOUZA;DEPUTADO FEDERAL;PSOL;MASCULINO;BRANCA
190002541064;JULIO LUIZ BAPTISTA LOPES;DEPUTADO FEDERAL;PP;MASCULINO;BRANCA
190002544942;VALDINEI RENATO MARINS;DEPUTADO ESTADUAL;PODE;MASCULINO;BRANCA
190002541687;JOSE JALMIR DE MEDEIROS;DEPUTADO ESTADUAL;PP;MASCULINO;BRANCA
190002536567;MESAC EFLAIN DA SILVA ESPINDOLA;DEPUTADO ESTADUAL;AGIR;MASCULINO;PARDA
190002547260;EMERSON CRUZ DE OLIVEIRA;DEPUTADO FEDERAL;MOBILIZA;MASCULINO;BRANCA
190002547167;SERGIO DE OLIVEIRA;DEPUTADO ESTADUAL;MOBILIZA;MASCULINO;BRANCA
190002547174;CARLOS LEANDRO DA COSTA GOULART;DEPUTADO ESTADUAL;MOBILIZA;MASCULINO;BRANCA
190002534085;VAGNER MATEUS DOS SANTOS;DEPUTADO ESTADUAL;PRD;MASCULINO;PRETA
190002539335;ALICE GUIMARAES SILVA;DEPUTADO FEDERAL;MDB;FEMININO;PRETA
190002550297;DANIELE DA SILVA PEREIRA;DEPUTADO ESTADUAL;PSDB;FEMININO;PARDA
190002550513;MAURICIO BRAGA MESQUITA;DEPUTADO FEDERAL;PSDB;MASCULINO;PARDA
190002550481;MOISES FREITAS DE OLIVEIRA GOMES;DEPUTADO FEDERAL;PSDB;MASCULINO;PARDA
190002550283;RICARDO CORREA DE BARROS;DEPUTADO ESTADUAL;PSDB;MASCULINO;BRANCA
190002548296;ERIKA GAMA ALBUQUERQUE;DEPUTADO ESTADUAL;DC;FEMININO;PARDA
190002538437;JADSON MARQUES FONSECA;DEPUTADO FEDERAL;PSB;MASCULINO;PARDA
190002533687;FELIPE FERREIRA;DEPUTADO ESTADUAL;PL;MASCULINO;PRETA
190002537735;GARDENIA SULIENE DA COSTA GRIGORIO;DEPUTADO ESTADUAL;PSB;FEMININO;PRETA
190002543069;JOSE RICARDO TAVARES CORREA;DEPUTADO FEDERAL;PT;MASCULINO;PARDA
190002534112;ANA MARIA DE AZEVEDO SAGARIO PEDROSA DE MELLO;DEPUTADO ESTADUAL;SOLIDARIEDADE;FEMININO;BRANCA
190002550488;ADRIANO ARLEI SERFIOTIS;DEPUTADO FEDERAL;PSDB;MASCULINO;BRANCA
190002539832;BARBARA DEL PENHO SINEDINO PINHEIRO;DEPUTADO FEDERAL;PSTU;FEMININO;BRANCA
190002541824;CARLA FABIANA SANTOS DO CARMO;DEPUTADO ESTADUAL;PDT;FEMININO;PARDA
190002543347;ROSANGELA DE SOUZA GOMES;DEPUTADO FEDERAL;REPUBLICANOS;FEMININO;PRETA
190002538004;ANA PAULA FREITAS RODRIGUES;DEPUTADO ESTADUAL;PSD;FEMININO;PRETA
190002548257;IVANA DE MOURA REZENDE;DEPUTADO ESTADUAL;DC;FEMININO;PARDA
190002541047;CHARLLES BATISTA DA SILVA;DEPUTADO FEDERAL;UNIÃO;MASCULINO;BRANCA
190002544952;CLAUDIO JOSE DA SILVA;DEPUTADO ESTADUAL;PODE;MASCULINO;PARDA
190002544953;OSEIAS JACINTO DOS SANTOS;DEPUTADO ESTADUAL;PODE;MASCULINO;PRETA
190002544920;RAFAEL RODRIGUES DA SILVA;DEPUTADO ESTADUAL;PODE;MASCULINO;PARDA
190002551219;EDSON ARANTES PEIXOTO CORNELIO;DEPUTADO FEDERAL;DEMOCRATA;MASCULINO;PARDA
190002552290;ISRAEL FRANCISCO MENDONCA;DEPUTADO ESTADUAL;DEMOCRATA;MASCULINO;BRANCA
190002550308;MARILENA PINTO RODRIGUES;DEPUTADO ESTADUAL;PSDB;FEMININO;BRANCA
190002548581;SILVANA MOREIRA DE SOUZA DE AGUIAR;DEPUTADO FEDERAL;PODE;FEMININO;BRANCA
190002533677;ELIAS CABRAL DA PONTE MONTES;DEPUTADO ESTADUAL;PL;MASCULINO;BRANCA
190002541057;MARCOS DA SILVA BACELLAR;DEPUTADO FEDERAL;UNIÃO;MASCULINO;PARDA
190002533418;AMANDA BRANDAO PAES ARMELAU;DEPUTADO ESTADUAL;PL;FEMININO;INDÍGENA
190002538595;PATRICIA DA SILVA NUNES;DEPUTADO ESTADUAL;AVANTE;FEMININO;PARDA
190002537179;PEDRO AUGUSTO PALARETI;DEPUTADO FEDERAL;AVANTE;MASCULINO;BRANCA
190002534674;VLAMIR GOULART DA SILVEIRA;DEPUTADO ESTADUAL;NOVO;MASCULINO;BRANCA
190002543588;JOAO PANAYOTIS DAMATIS;DEPUTADO ESTADUAL;PT;MASCULINO;BRANCA
190002543286;ELIANE DE FARIA QUEIROZ;DEPUTADO FEDERAL;PODE;FEMININO;BRANCA
190002543269;HAROLDO CRUZ FILHO;DEPUTADO FEDERAL;PODE;MASCULINO;PARDA
190002541784;VALDECY NUNES DA ROSA FILHO;DEPUTADO ESTADUAL;PDT;MASCULINO;BRANCA
190002540193;JOACIR BARBAGLIO PEREIRA;DEPUTADO FEDERAL;PSD;MASCULINO;BRANCA
190002541639;NATALIA DE NEGREIROS LYRIO;DEPUTADO ESTADUAL;PP;FEMININO;BRANCA
190002541686;ANDREA ADAO GERMANO DA SILVA DANTAS;DEPUTADO ESTADUAL;PP;FEMININO;PRETA
190002533710;MARCELO FERREIRA RIBEIRO;DEPUTADO ESTADUAL;PL;MASCULINO;PARDA
190002541814;HELANIO DE RESENDE OLIVEIRA;DEPUTADO ESTADUAL;PDT;MASCULINO;PARDA
190002542995;SERGIO HENRIQUE BRITTO DE MELLO FERNANDES;DEPUTADO ESTADUAL;REPUBLICANOS;MASCULINO;PARDA
190002537118;LARISSA DA SILVA MACHADO DOS SANTOS;DEPUTADO ESTADUAL;AGIR;FEMININO;PRETA
190002534613;EULER FRANCIS BARBOSA BERTUCIO;DEPUTADO FEDERAL;NOVO;MASCULINO;BRANCA
190002534614;VALMIR RAMOS BARRETO JUNIOR;DEPUTADO FEDERAL;NOVO;MASCULINO;PARDA
190002534634;CARLOS EDUARDO RODRIGUES SANTOS;DEPUTADO FEDERAL;NOVO;MASCULINO;BRANCA
190002534648;ELVIS DA SILVA LIMA;DEPUTADO FEDERAL;NOVO;MASCULINO;PARDA
190002534689;BRUNO BRITO GUERRA;DEPUTADO ESTADUAL;NOVO;MASCULINO;BRANCA
190002534714;ROMILDO VICTORINO DA SILVA;DEPUTADO ESTADUAL;NOVO;MASCULINO;BRANCA
190002541063;CARLOS ROBERTO RODRIGUES;DEPUTADO FEDERAL;PP;MASCULINO;BRANCA
190002548256;WELLINGTON GONCALVES TORRES;DEPUTADO ESTADUAL;DC;MASCULINO;BRANCA
190002539360;VICTOR FELIX MAZZEI;DEPUTADO FEDERAL;MDB;MASCULINO;BRANCA
190002534856;ANDREA SILVA ARAUJO;DEPUTADO FEDERAL;SOLIDARIEDADE;FEMININO;BRANCA
190002538420;ADRIELY ALVES OSORIO DA SILVA;DEPUTADO FEDERAL;PSB;FEMININO;PRETA
190002539364;PAULO RODOLFO LEITE BELEM;DEPUTADO FEDERAL;MDB;MASCULINO;PARDA
190002543382;ANA PAULA DA SILVA CASTRO OLIVEIRA;DEPUTADO ESTADUAL;PL;FEMININO;PRETA
190002542986;TATIANA RIBEIRO QUEIROZ DE OLIVEIRA;DEPUTADO ESTADUAL;REPUBLICANOS;FEMININO;BRANCA
190002543036;JOSE VICENTE PORTELLA EUFRASIO;DEPUTADO ESTADUAL;REPUBLICANOS;MASCULINO;BRANCA
190002543536;PEDRO BADARO PONTES;DEPUTADO ESTADUAL;MISSÃO;MASCULINO;BRANCA
190002533682;ALEXANDRA MOREIRA CARVALHO GOMES;DEPUTADO ESTADUAL;PL;FEMININO;PRETA
190002534452;ROGERIO SANTOS TORRES DE ALBUQUERQUE;DEPUTADO ESTADUAL;NOVO;MASCULINO;PARDA
190002538021;VALDIR JOSE BATISTA DA COSTA;DEPUTADO ESTADUAL;PSD;MASCULINO;PARDA
190002534859;ELISANGELA ALCINA FAUSTINO RODRIGUES;DEPUTADO FEDERAL;SOLIDARIEDADE;FEMININO;BRANCA
190002534102;ALEXANDER CASSIANO DA COSTA;DEPUTADO ESTADUAL;SOLIDARIEDADE;MASCULINO;PRETA
190002534084;ROGERIO FIRMINO DUTRA;DEPUTADO ESTADUAL;SOLIDARIEDADE;MASCULINO;PARDA
190002541643;RONALDO OLIVEIRA DOS SANTOS;DEPUTADO ESTADUAL;PP;MASCULINO;PRETA
190002543891;AGHATA DO NASCIMENTO OAKES;DEPUTADO FEDERAL;DC;FEMININO;BRANCA
190002541673;BERNARDO CUNHA SENRA BARROS;DEPUTADO ESTADUAL;PP;MASCULINO;BRANCA
190002541679;CARLOS ALBERTO RIBEIRO DA SILVA;DEPUTADO ESTADUAL;PP;MASCULINO;PRETA
190002536151;HAYRES DOS SANTOS MUNIZ;DEPUTADO FEDERAL;PSOL;MASCULINO;PARDA
190002537997;DANIEL DA SILVA CORREA;DEPUTADO ESTADUAL;PSD;MASCULINO;BRANCA
190002541053;FLAVIO FERNANDO PRADO;DEPUTADO FEDERAL;UNIÃO;MASCULINO;BRANCA
190002543081;ADRIANA DE FATIMA BOTELHO;DEPUTADO FEDERAL;PV;FEMININO;PARDA
190002538860;RODRIGO SOUZA SCHRODER;DEPUTADO ESTADUAL;MDB;MASCULINO;BRANCA
190002538841;DEBORA MAGALHAES LEITE;DEPUTADO ESTADUAL;MDB;FEMININO;BRANCA
190002539345;RAQUEL MARQUES ALVARENGA;DEPUTADO FEDERAL;MDB;FEMININO;BRANCA
190002539350;HELEN DE PAULA BARRETO;DEPUTADO FEDERAL;MDB;FEMININO;BRANCA
190002539662;ANDRE GUSTAVO SUZANO FERREIRA;DEPUTADO FEDERAL;PDT;MASCULINO;PARDA
190002550462;TATIANA AGDA ALVES RIBEIRO;DEPUTADO FEDERAL;PODE;FEMININO;PARDA
190002548583;ARLENE GLORIA DA SILVA DE OLIVEIRA;DEPUTADO FEDERAL;PODE;FEMININO;BRANCA
190002539681;ADRIANA AMARAL SANTOS;DEPUTADO FEDERAL;PDT;FEMININO;BRANCA
190002539670;CLAUDIO LUIZ PINTO;DEPUTADO FEDERAL;PDT;MASCULINO;AMARELA
190002541817;JOSE LEONARDO MAGALHAES REIS;DEPUTADO ESTADUAL;PDT;MASCULINO;PARDA
190002550184;MARCELO BEZERRA CRIVELLA;SENADOR;REPUBLICANOS;MASCULINO;BRANCA
190002550304;MARCIO GARCIA LINARES;DEPUTADO ESTADUAL;PSDB;MASCULINO;BRANCA
190002552262;JOSIMAR DA SILVA MESQUITA;DEPUTADO ESTADUAL;DEMOCRATA;MASCULINO;BRANCA
190002534633;LUIZ EDUARDO CARNEIRO DA SILVA DE SOUZA LIMA;DEPUTADO FEDERAL;NOVO;MASCULINO;BRANCA
190002534726;HELIO PEREIRA DO CARMO FILHO;DEPUTADO ESTADUAL;NOVO;MASCULINO;BRANCA
190002554144;CARLOS ALBERTO DA COSTA CUNHA;DEPUTADO ESTADUAL;PP;MASCULINO;BRANCA
190002547208;FABIANO ROZEMBRACH FARIAS;DEPUTADO ESTADUAL;MOBILIZA;MASCULINO;BRANCA
190002547224;ROSANGELA DA COSTA SILVA;DEPUTADO ESTADUAL;MOBILIZA;FEMININO;PRETA
190002547200;JOSE ONIX GOMES DA SILVA;DEPUTADO ESTADUAL;MOBILIZA;MASCULINO;BRANCA
190002536144;FRANCISCO RODRIGUES DE ALENCAR FILHO;DEPUTADO FEDERAL;PSOL;MASCULINO;BRANCA
190002536152;TARCISIO MOTTA DE CARVALHO;DEPUTADO FEDERAL;PSOL;MASCULINO;BRANCA
190002534863;ELOI PEREIRA RAMALHO;DEPUTADO FEDERAL;SOLIDARIEDADE;MASCULINO;BRANCA
190002540161;EDUARDO FERREIRA DE OLIVEIRA;DEPUTADO FEDERAL;PSD;MASCULINO;BRANCA
190002552231;ELIANE DA SILVA MARCELINO;DEPUTADO ESTADUAL;DEMOCRATA;FEMININO;PARDA
190002552246;JUAREZ FIALHO DA SILVA JUNIOR;DEPUTADO ESTADUAL;DEMOCRATA;MASCULINO;BRANCA
190002550494;MARIA DE FATIMA PEREIRA DE OLIVEIRA;DEPUTADO FEDERAL;PSDB;FEMININO;BRANCA
190002534627;ALEXANDRE HERCULANO PEREIRA VAZ;DEPUTADO FEDERAL;NOVO;MASCULINO;BRANCA
190002534628;ROSANNE ANDRADE DE MELO GARCIA;DEPUTADO FEDERAL;NOVO;FEMININO;BRANCA
190002534844;JANAYNA RODRIGUES DA ROCHA;DEPUTADO FEDERAL;SOLIDARIEDADE;FEMININO;PARDA
190002534122;ANTONIO DE ARAUJO MEDEIROS SILVA;DEPUTADO ESTADUAL;SOLIDARIEDADE;MASCULINO;PARDA
190002534676;ALESSANDRA DA COSTA TEIXEIRA;DEPUTADO ESTADUAL;NOVO;FEMININO;BRANCA
190002541049;SANCLER RODRIGUES DE MELLO;DEPUTADO FEDERAL;PP;MASCULINO;BRANCA
190002547236;ALINE SANTOS DE MATTOS;DEPUTADO FEDERAL;MOBILIZA;FEMININO;PARDA
190002547257;DURVAL FREITAS DA SILVA;DEPUTADO FEDERAL;MOBILIZA;MASCULINO;PRETA
190002547185;JOAO CARLOS DA SILVA;DEPUTADO ESTADUAL;MOBILIZA;MASCULINO;PRETA
190002538830;KLEBER BARBOSA DE MAGALHAES;DEPUTADO ESTADUAL;MDB;MASCULINO;PARDA
190002539332;FERNANDO ANTONIO CECILIANO JORDAO;DEPUTADO FEDERAL;MDB;MASCULINO;BRANCA
190002539359;MARCO ANTONIO BARBOSA;DEPUTADO FEDERAL;MDB;MASCULINO;PARDA
190002538843;WALLACE EDUARDO PEREIRA JUVENATO;DEPUTADO ESTADUAL;MDB;MASCULINO;PRETA
190002534643;JULIO SERGIO CARNEIRO MARQUES;DEPUTADO FEDERAL;NOVO;MASCULINO;PARDA
190002543360;IVAN INACIO DA SILVA;DEPUTADO FEDERAL;REPUBLICANOS;MASCULINO;PARDA
190002543899;ARTHUR RIOBOO DA COSTA;DEPUTADO FEDERAL;DC;MASCULINO;BRANCA
190002543874;ANDRE SILVA DE ALMEIDA;DEPUTADO FEDERAL;DC;MASCULINO;BRANCA
190002534851;MARCELO DE ALMEIDA DE ASSIS;DEPUTADO FEDERAL;PRD;MASCULINO;PARDA
190002548259;CRISTIANO DE JESUS NOGUEIRA;DEPUTADO ESTADUAL;DC;MASCULINO;PARDA
190002554336;ANDERSON SANSHIRO CAETANO OKASAKI;DEPUTADO ESTADUAL;NOVO;MASCULINO;BRANCA
190002534107;ALEXANDRE MAGNO DO COUTO;DEPUTADO ESTADUAL;PRD;MASCULINO;BRANCA
190002543897;JULIO CESAR AMARO DE PAULA;DEPUTADO FEDERAL;DC;MASCULINO;BRANCA
190002550487;MARCOS BEZERRA RIBEIRO SOARES;DEPUTADO FEDERAL;PSDB;MASCULINO;BRANCA
190002537147;ANDERSON JOSE PESSOA DOS SANTOS;DEPUTADO FEDERAL;AVANTE;MASCULINO;PRETA
190002548590;VINICIUS BENEVIDES DOS SANTOS CONCEICAO;SENADOR;UP;MASCULINO;PRETA
190002538444;KARINA NASCIMENTO FERREIRA DA SILVA;DEPUTADO FEDERAL;PSB;FEMININO;PRETA
190002547207;LEANDRO DOS SANTOS DE PAULA;DEPUTADO ESTADUAL;MOBILIZA;MASCULINO;PRETA
190002543263;CARLOS ALBERTO VALDEVINO;DEPUTADO FEDERAL;PODE;MASCULINO;PRETA
190002548083;CAMILA ALBINO GOMES;DEPUTADO ESTADUAL;PODE;FEMININO;BRANCA
190002548085;VANESSA AFONSO DE OLIVEIRA;DEPUTADO ESTADUAL;PODE;FEMININO;BRANCA
190002544922;ANA BEATRIZ DA CRUZ SILVA;DEPUTADO ESTADUAL;PODE;FEMININO;PRETA
190002552230;KAREN CRISTINA SILVA BERNARDO INACIO;DEPUTADO ESTADUAL;DEMOCRATA;FEMININO;PRETA
190002551214;ANDREIA CAMPOS CAMELO;DEPUTADO FEDERAL;DEMOCRATA;FEMININO;PRETA
190002552256;HELIO CUNHA FILHO;DEPUTADO ESTADUAL;DEMOCRATA;MASCULINO;BRANCA
190002552291;FRANCISCO ANTONIO DE ARAUJO;DEPUTADO ESTADUAL;DEMOCRATA;MASCULINO;PARDA
190002547211;JOAO BAPTISTA PEREIRA;DEPUTADO ESTADUAL;MOBILIZA;MASCULINO;BRANCA
190002541787;JORGE LUIZ LIMA RANGEL;DEPUTADO ESTADUAL;PDT;MASCULINO;BRANCA
190002536118;MARCOS HERVAL MARTINS DE SOUZA JUNIOR;DEPUTADO ESTADUAL;REDE;MASCULINO;PARDA
190002544919;SILVIO CESAR DE SA GUEDES;DEPUTADO ESTADUAL;PODE;MASCULINO;PARDA
190002543363;LUIS CARLOS GOMES DA SILVA;DEPUTADO FEDERAL;REPUBLICANOS;MASCULINO;PARDA
190002541072;VINICIUS MEDEIROS FARAH;DEPUTADO FEDERAL;UNIÃO;MASCULINO;BRANCA
190002536549;LENINE RODRIGUES LEMOS;DEPUTADO ESTADUAL;AGIR;MASCULINO;PARDA
190002541079;LUIZ HENRIQUE RODRIGUES GALVAO;DEPUTADO FEDERAL;PP;MASCULINO;PARDA
190002554404;CLEISSIANE OLIVEIRA DA SILVA;DEPUTADO ESTADUAL;UNIÃO;FEMININO;BRANCA
190002547215;REGINA LUCIA DA SILVA FONTE;DEPUTADO ESTADUAL;MOBILIZA;FEMININO;PARDA
190002547175;JOYCE ANDRESSA MOREIRA GONCALVES;DEPUTADO ESTADUAL;MOBILIZA;FEMININO;PRETA
190002543314;ANTONIO ARAUJO FERREIRA;DEPUTADO ESTADUAL;PT;MASCULINO;BRANCA
190002554118;ANTONIO MARCOS RODRIGUES PIRES;DEPUTADO FEDERAL;PDT;MASCULINO;BRANCA
190002539655;RICARDO GOMES ARANHA;DEPUTADO FEDERAL;PDT;MASCULINO;PARDA
190002541795;EDSON PAIVA DE OLIVEIRA;DEPUTADO ESTADUAL;PDT;MASCULINO;BRANCA
190002538570;RACHEL DE OLIVEIRA NASSER;DEPUTADO ESTADUAL;AVANTE;FEMININO;PARDA
190002537135;ANTONIO MARCOS PAPINHA DA SILVA;DEPUTADO FEDERAL;AVANTE;MASCULINO;BRANCA
190002543525;THIAGO FERNANDES OLIVEIRA VILLACA;DEPUTADO FEDERAL;MISSÃO;MASCULINO;BRANCA
190002543516;ESMERALDA BORGES DA SILVA PAZ;DEPUTADO FEDERAL;MISSÃO;FEMININO;PRETA
190002543521;LUANA DE BRITTO VIDAL;DEPUTADO FEDERAL;MISSÃO;FEMININO;BRANCA
190002537998;AGUINALDO LUIS PEREIRA;DEPUTADO ESTADUAL;PSD;MASCULINO;PARDA
190002548270;RODRIGO ROCHA DA SILVA;DEPUTADO ESTADUAL;DC;MASCULINO;BRANCA
190002547166;JORGE LUIZ ALMEIDA DE OLIVEIRA;DEPUTADO ESTADUAL;MOBILIZA;MASCULINO;PARDA
190002543354;ALINE CRISTINA DOS SANTOS CAPUTI;DEPUTADO FEDERAL;REPUBLICANOS;FEMININO;BRANCA
190002543361;EDSON FREITAS GOMES;DEPUTADO FEDERAL;REPUBLICANOS;MASCULINO;BRANCA
190002544936;MARCOS VINICIUS ALVES FERNANDES;DEPUTADO ESTADUAL;PODE;MASCULINO;PARDA
190002543258;JECINETE PEREIRA DIAS;DEPUTADO FEDERAL;PODE;FEMININO;PARDA
190002542998;FERNANDO TRINDADE;DEPUTADO ESTADUAL;REPUBLICANOS;MASCULINO;PRETA
190002536562;ALINE LOSSANO BARRETO BARBOSA;DEPUTADO ESTADUAL;AGIR;FEMININO;PARDA
190002536524;FRANCISCO NACELIO DA SILVA;DEPUTADO ESTADUAL;AGIR;MASCULINO;PARDA
190002543272;MARCELLE ALVES LUCAS SOUSA;DEPUTADO FEDERAL;PODE;FEMININO;BRANCA
190002544947;RAFAEL DE OLIVEIRA LOPEZ;DEPUTADO ESTADUAL;PODE;MASCULINO;PARDA
190002534845;EMANUELE DE FARIA CARVALHO DOS SANTOS;DEPUTADO FEDERAL;SOLIDARIEDADE;FEMININO;BRANCA
190002543364;JOSE ROBERTO DOS SANTOS CLEMENTE;DEPUTADO FEDERAL;REPUBLICANOS;MASCULINO;PRETA
190002543335;AISLAN MENEZES DA SILVA;DEPUTADO FEDERAL;REPUBLICANOS;MASCULINO;PARDA
190002534699;ALEXANDRE MARCIANO DE CARVALHO;DEPUTADO ESTADUAL;NOVO;MASCULINO;PARDA
190002539367;AMANDA FERREIRA DA SILVA SANTANA;DEPUTADO FEDERAL;MDB;FEMININO;PRETA
190002539366;VALDEMIRA DE SOUZA SANTIAGO DUARTE;DEPUTADO FEDERAL;MDB;FEMININO;BRANCA
190002536132;YURI LUCAS CARIUS DE MOURA ALMEIDA;DEPUTADO ESTADUAL;PSOL;MASCULINO;BRANCA
190002541069;VIVIANE FERNANDES;DEPUTADO FEDERAL;PP;FEMININO;BRANCA
190002553912;RUI LIMA E SILVA;DEPUTADO ESTADUAL;NOVO;MASCULINO;BRANCA
190002547165;ADILSON CAETANO DA SILVA;DEPUTADO ESTADUAL;MOBILIZA;MASCULINO;BRANCA
190002547259;WILLIAM LOPES DOS SANTOS;DEPUTADO FEDERAL;MOBILIZA;MASCULINO;BRANCA
190002548084;INGRID RIBEIRO BRAGA BARBOSA;DEPUTADO ESTADUAL;PODE;FEMININO;BRANCA
190002536544;IGOR VASCONCELOS DA SILVA;DEPUTADO ESTADUAL;AGIR;MASCULINO;BRANCA
190002536545;FABIO MAROTTE CORREA;DEPUTADO ESTADUAL;AGIR;MASCULINO;BRANCA
190002534693;THAIS VENANCIO AREAS MUQUICI PALMEIRA;DEPUTADO ESTADUAL;NOVO;FEMININO;BRANCA
190002543877;MARCOS AURELIO DO NASCIMENTO SILVA;DEPUTADO FEDERAL;DC;MASCULINO;PARDA
190002543277;CRISTINA RITINS GONCALVES VALERIO;DEPUTADO FEDERAL;PODE;FEMININO;BRANCA
190002543284;NEY CARLOS PINTO DOS SANTOS;DEPUTADO FEDERAL;PODE;MASCULINO;BRANCA
190002536124;JEFFERSON DE OLIVEIRA VINCO;DEPUTADO ESTADUAL;PSOL;MASCULINO;BRANCA
190002534642;ANNA LUIZA AZEVEDO FEIO DE REZENDE;DEPUTADO FEDERAL;NOVO;FEMININO;BRANCA
190002534858;VANESSA DE SOUZA NASCIMENTO;DEPUTADO FEDERAL;SOLIDARIEDADE;FEMININO;PRETA
190002540156;ELIANE PEREIRA DE SOUZA;DEPUTADO FEDERAL;PSD;FEMININO;PRETA
190002543257;ANTONIO CARLOS DE CARVALHO;DEPUTADO FEDERAL;PODE;MASCULINO;PARDA
190002543268;CARLOS ALBERTO STUTZ;DEPUTADO FEDERAL;PODE;MASCULINO;PARDA
190002543528;SANDRA ALVES DE SOUZA;DEPUTADO FEDERAL;MISSÃO;FEMININO;BRANCA
190002543533;JAQUELINE VIEIRA DE OLIVEIRA;DEPUTADO ESTADUAL;MISSÃO;FEMININO;PARDA
190002541641;GEFERSON JORGE OLIVEIRA DOS SANTOS;DEPUTADO ESTADUAL;PP;MASCULINO;BRANCA
190002547216;JOEL MACHADO DOS SANTOS;DEPUTADO ESTADUAL;MOBILIZA;MASCULINO;PRETA
190002547225;CONCEICAO DE MARIA CORREA PEREIRA;DEPUTADO ESTADUAL;MOBILIZA;FEMININO;BRANCA
190002534060;ALEX SANDRO DA CONCEICAO;DEPUTADO ESTADUAL;SOLIDARIEDADE;MASCULINO;BRANCA
190002534834;MARIO DO NASCIMENTO GOMES FILHO;DEPUTADO FEDERAL;SOLIDARIEDADE;MASCULINO;BRANCA
190002534847;MARCIO DE ANDRADE VASCONCELLOS;DEPUTADO FEDERAL;SOLIDARIEDADE;MASCULINO;PRETA
190002538853;INACIO GERALDO DA SILVA;DEPUTADO ESTADUAL;MDB;MASCULINO;PRETA
190002539347;ELBA MARIA BARCELLOS FERREIRA;DEPUTADO FEDERAL;MDB;FEMININO;BRANCA
190002539353;JANDER BRUM MARTINS;DEPUTADO FEDERAL;MDB;MASCULINO;PARDA
190002534059;LEONARDO HENRIQUE VIEIRA DE MORAES;DEPUTADO ESTADUAL;SOLIDARIEDADE;MASCULINO;BRANCA
190002538024;FLAVIO GUIMARAES BITTENCOURT DO VALLE;DEPUTADO ESTADUAL;PSD;MASCULINO;BRANCA
190002534632;PEDRO LUIS BARRETO LITWINCZUK;DEPUTADO FEDERAL;NOVO;MASCULINO;BRANCA
190002550024;RENATO GIDEAO SILVA NASCIMENTO;DEPUTADO ESTADUAL;PSDB;MASCULINO;PARDA
190002544948;OTACILIO DE SOUSA FILHO;DEPUTADO ESTADUAL;PODE;MASCULINO;PARDA
190002542987;RAFAEL SOARES DOS SANTOS;DEPUTADO ESTADUAL;REPUBLICANOS;MASCULINO;PRETA
190002543030;LUCIANO RESENDE DE OLIVEIRA;DEPUTADO ESTADUAL;REPUBLICANOS;MASCULINO;BRANCA
190002536136;INGRID OLIVEIRA;DEPUTADO ESTADUAL;REDE;FEMININO;PRETA
190002538852;CRISTIANE MARA MARCELINO;DEPUTADO ESTADUAL;MDB;FEMININO;PRETA
190002538845;MARINA LOPES DA CRUZ CARVALHO;DEPUTADO ESTADUAL;MDB;FEMININO;PRETA
190002541827;ANGELICA MOREIRA NASCIMENTO DE ARAUJO;DEPUTADO ESTADUAL;PDT;FEMININO;PRETA
190002538817;ALBERTO AMARAL FRANCA;DEPUTADO ESTADUAL;MDB;MASCULINO;BRANCA
190002538842;ROBSON TADEU DIAS DE MENEZES;DEPUTADO ESTADUAL;MDB;MASCULINO;BRANCA
190002539667;ALEXANDER MOREIRA DE ARAUJO;DEPUTADO FEDERAL;PDT;MASCULINO;PARDA
190002543283;MARLYCE CELE OLIVEIRA;DEPUTADO FEDERAL;PODE;FEMININO;PARDA
190002543265;ROGERIO PORFIRIO DA SILVA JUNIOR;DEPUTADO FEDERAL;PODE;MASCULINO;PRETA
190002543529;MARCIO DA SILVEIRA LABRE;DEPUTADO FEDERAL;MISSÃO;MASCULINO;BRANCA
190002548086;ROSANA MARIA DA SILVA PAULINO;DEPUTADO ESTADUAL;PODE;FEMININO;PRETA
190002537150;SIMONE DE OLIVEIRA AZEVEDO;DEPUTADO FEDERAL;AVANTE;FEMININO;BRANCA
190002538627;CRISTIANO SANTOS HERMOGENES;DEPUTADO ESTADUAL;AVANTE;MASCULINO;BRANCA
190002533423;VALDECIR DIAS DA SILVA;DEPUTADO ESTADUAL;PL;MASCULINO;PARDA
190002537156;FELIPE COSTA DA SILVA;DEPUTADO FEDERAL;AVANTE;MASCULINO;PARDA
190002534720;ARNALDO ALVES MOREIRA JUNIOR;DEPUTADO ESTADUAL;NOVO;MASCULINO;PARDA
190002536121;LEONARDO LEAL DE LIMA SOARES;DEPUTADO ESTADUAL;PSOL;MASCULINO;PARDA
190002543514;JUSSARA ALVES BARBOSA;DEPUTADO FEDERAL;MISSÃO;FEMININO;PARDA
190002540166;MARIA ANGELICA DE SOUZA;DEPUTADO FEDERAL;PSD;FEMININO;PARDA
190002554330;ANNA CRISTINA PINHEIRO NOGUEIRA;DEPUTADO ESTADUAL;PDT;FEMININO;PARDA
190002552284;PAULO MARCELO RIBEIRO DA SILVA;DEPUTADO ESTADUAL;DEMOCRATA;MASCULINO;BRANCA
190002548082;ALIETE DANTAS DE MEDEIROS;DEPUTADO ESTADUAL;PODE;FEMININO;PARDA
190002539647;SANDRO MARTINS DA SILVA;DEPUTADO FEDERAL;PDT;MASCULINO;PARDA
190002534861;GISELE THOMAZ LANCATES;DEPUTADO FEDERAL;SOLIDARIEDADE;FEMININO;PARDA
190002547190;LEANDRO DA SILVA GOMES;DEPUTADO ESTADUAL;MOBILIZA;MASCULINO;PARDA
190002540160;CLEIBE MANGE ESTEVES;DEPUTADO FEDERAL;PSD;MASCULINO;PARDA
190002547198;LEONARDO JOSE DO PATROCINIO ARAGAO DOS SANTOS LAU;DEPUTADO ESTADUAL;MOBILIZA;MASCULINO;PARDA
190002537999;DENISE CUSTODIO DA SILVA RAMOS DE FIGUEIREDO;DEPUTADO ESTADUAL;PSD;FEMININO;PRETA
190002541794;ELKER JHAER MOREIRA DIAS;DEPUTADO ESTADUAL;PDT;MASCULINO;BRANCA
190002539683;MACIEL LEMOS NASCIMENTO;DEPUTADO FEDERAL;PDT;MASCULINO;INDÍGENA
190002539663;ALCIONE SILVEIRA DA SILVA;DEPUTADO FEDERAL;PDT;FEMININO;PRETA
190002539652;JOSE VITOR VIEIRA BISSONHO JUNIOR;DEPUTADO FEDERAL;PDT;MASCULINO;BRANCA
190002539673;ROSANGELA SIMOES COSTA;DEPUTADO FEDERAL;PDT;FEMININO;PARDA
190002534076;JANAINA GUIMARAES ALVES DOS SANTOS;DEPUTADO ESTADUAL;SOLIDARIEDADE;FEMININO;PARDA
190002548300;MARCUS AURELIO MESQUITA GOMES;DEPUTADO ESTADUAL;DC;MASCULINO;PRETA
190002534638;WASHINGTON STAUFFER SORIO;DEPUTADO FEDERAL;NOVO;MASCULINO;BRANCA
190002542980;ANDRE LUIS DOS SANTOS;DEPUTADO ESTADUAL;REPUBLICANOS;MASCULINO;BRANCA
190002542999;ADRIANA PINTO DE ARRUDA DA FRANCA;DEPUTADO ESTADUAL;REPUBLICANOS;FEMININO;BRANCA
190002539661;REJANE JORGE DA SILVA;DEPUTADO FEDERAL;PDT;FEMININO;BRANCA
190002537116;DAVI JERONIMO DA SILVA;DEPUTADO ESTADUAL;AGIR;MASCULINO;PARDA
190002536550;ILDO BRUNO COSTA ALVES;DEPUTADO ESTADUAL;AGIR;MASCULINO;BRANCA
190002536571;MARLON SILVA DA ROCHA;DEPUTADO ESTADUAL;AGIR;MASCULINO;BRANCA
190002536531;TALES VITOR CUSTODIO COSTA;DEPUTADO ESTADUAL;AGIR;MASCULINO;PRETA
190002554326;SUSYMARA ANTUNES RODRIGUES;DEPUTADO ESTADUAL;PDT;FEMININO;BRANCA
190002543513;LEANDRO ISSA DE VASCONCELLOS;DEPUTADO FEDERAL;MISSÃO;MASCULINO;BRANCA
190002550498;TIAGO DA SILVA SOUZA;DEPUTADO FEDERAL;PSDB;MASCULINO;PARDA
190002550493;ANTONIA FONTENELE DE BRITO;DEPUTADO FEDERAL;PSDB;FEMININO;BRANCA
190002541084;ROSILENE GONCALVES DA SILVA;DEPUTADO FEDERAL;PP;FEMININO;PARDA
190002550288;MARIA HELENA DA SILVA CABO;DEPUTADO ESTADUAL;PSDB;FEMININO;PARDA
190002543523;LEONARDO ZAPPELLI DE OLIVEIRA BALBI;DEPUTADO FEDERAL;MISSÃO;MASCULINO;BRANCA
190002542992;GRACIARA GOMES DA SILVA;DEPUTADO ESTADUAL;REPUBLICANOS;FEMININO;PRETA
190002542993;WILLIAM OLINDA SODRE;DEPUTADO ESTADUAL;REPUBLICANOS;MASCULINO;PARDA
190002542997;ELIEZER BASTOS DE OLIVEIRA JUNIOR;DEPUTADO ESTADUAL;REPUBLICANOS;MASCULINO;PARDA
190002543885;CRISTIANE BRASIL FRANCISCO;DEPUTADO FEDERAL;DC;FEMININO;BRANCA
190002548273;BERNARDETE OLIVEIRA DE LIMA;DEPUTADO ESTADUAL;DC;FEMININO;BRANCA
190002543038;MILTON PEREIRA DE OLIVEIRA;DEPUTADO ESTADUAL;REPUBLICANOS;MASCULINO;PARDA
190002536566;SERGIO HENRIQUE DIAS FARIAS;DEPUTADO ESTADUAL;AGIR;MASCULINO;PARDA
190002536534;ELISANGELA DE ABREU AZEVEDO DA COSTA;DEPUTADO ESTADUAL;AGIR;FEMININO;BRANCA
190002536561;LENISE DURAO UCHOA;DEPUTADO ESTADUAL;AGIR;FEMININO;BRANCA
190002536551;GABRIEL MIELGO DOS SANTOS GONCALVES;DEPUTADO ESTADUAL;AGIR;MASCULINO;BRANCA
190002547244;LUIZ ANTONIO MATHIAS;DEPUTADO FEDERAL;MOBILIZA;MASCULINO;PRETA
190002547203;GENILSON MALTA GUIMARAES;DEPUTADO ESTADUAL;MOBILIZA;MASCULINO;PARDA
190002543376;JORGE DE OLIVEIRA;DEPUTADO FEDERAL;REPUBLICANOS;MASCULINO;BRANCA
190002543362;LUIZ CESAR SILVA LOPES;DEPUTADO FEDERAL;REPUBLICANOS;MASCULINO;PARDA
190002543342;DAIANA DE FREITAS MOZER;DEPUTADO FEDERAL;REPUBLICANOS;FEMININO;PARDA
190002543352;ALESSANDRO DE SOUZA BARBOSA;DEPUTADO FEDERAL;REPUBLICANOS;MASCULINO;BRANCA
190002547219;SHEILA CONCEICAO DE OLIVEIRA;DEPUTADO ESTADUAL;MOBILIZA;FEMININO;PARDA
190002547231;MARILZA SIQUEIRA TAVARES;DEPUTADO ESTADUAL;MOBILIZA;FEMININO;PARDA
190002547186;CRISTIANE GOULART DE SOUZA;DEPUTADO ESTADUAL;MOBILIZA;FEMININO;BRANCA
190002547201;ELNA ALICE DE ALMEIDA DE ARAUJO;DEPUTADO ESTADUAL;MOBILIZA;FEMININO;BRANCA
190002547222;JACQUELINE POEYS DA SILVA;DEPUTADO ESTADUAL;MOBILIZA;FEMININO;PARDA
190002547163;LUIS CLAUDIO CHAVES PEREIRA;DEPUTADO ESTADUAL;MOBILIZA;MASCULINO;PARDA
190002547217;JOCILENE DA SILVEIRA VICENTE RIBEIRO DA SILVA;DEPUTADO ESTADUAL;MOBILIZA;FEMININO;PARDA
190002543534;SILVIA MARIA DE SOUZA QUEZADO;DEPUTADO ESTADUAL;MISSÃO;FEMININO;BRANCA
190002548311;TAQUARACI NUNES RODRIGUES;DEPUTADO ESTADUAL;DC;MASCULINO;PARDA
190002550520;ROGERIO TEIXEIRA JUNIOR;DEPUTADO FEDERAL;PSDB;MASCULINO;BRANCA
190002538849;ANTONINO RUSSO;DEPUTADO ESTADUAL;MDB;MASCULINO;BRANCA
190002543001;FREDERICO DA ROCHA PACHECO;DEPUTADO ESTADUAL;REPUBLICANOS;MASCULINO;BRANCA
190002550495;MUNIQUE HELENA BUSSON;DEPUTADO FEDERAL;PSDB;FEMININO;PARDA
190002550499;SEVERINO ANANIAS DIAS FILHO;DEPUTADO FEDERAL;PSDB;MASCULINO;BRANCA
190002544939;ELAINE SOARES DOS SANTOS DOMINGUES;DEPUTADO ESTADUAL;PODE;FEMININO;PARDA
190002543303;ANDREIA ALMEIDA ZITO DOS SANTOS HOTZ;DEPUTADO ESTADUAL;PV;FEMININO;PRETA
190002543300;MAICON SILVA DA CRUZ;DEPUTADO ESTADUAL;PV;MASCULINO;PRETA
190002542888;CARLOS ROBERTO JORDY COELHO DE MATTOS;SENADOR;PL;MASCULINO;BRANCA
190002552263;GUILHERME JOSE PEREIRA DO NASCIMENTO;DEPUTADO ESTADUAL;DEMOCRATA;MASCULINO;BRANCA
190002551533;MAURICIO BARBOSA REIS;DEPUTADO FEDERAL;DEMOCRATA;MASCULINO;BRANCA
190002551203;ROSELENE MARTINS CARNEIRO LEITE;DEPUTADO FEDERAL;DEMOCRATA;FEMININO;BRANCA
190002552270;WALMYR FRANCISCO DE MENDONCA FILHO;DEPUTADO ESTADUAL;DEMOCRATA;MASCULINO;PARDA
190002552277;GLAUCIANE MARTINS CAMILO;DEPUTADO ESTADUAL;DEMOCRATA;FEMININO;PRETA
190002552293;ANDREA VALERIE HORNE;DEPUTADO ESTADUAL;DEMOCRATA;FEMININO;BRANCA
190002541638;ANDERSON BRAGA MIRANDA;DEPUTADO ESTADUAL;UNIÃO;MASCULINO;BRANCA
190002537178;JONATAS DA SILVA ROCHA;DEPUTADO FEDERAL;AVANTE;MASCULINO;BRANCA
190002550484;CAIO SANTOS VIANNA;DEPUTADO FEDERAL;PSDB;MASCULINO;BRANCA
190002534116;BIANCA SILVA PASSOS DE AQUINO;DEPUTADO ESTADUAL;SOLIDARIEDADE;FEMININO;PARDA
190002537166;LUIZ MARCOS DE OLIVEIRA MUILER;DEPUTADO FEDERAL;AVANTE;MASCULINO;BRANCA
190002538616;SANDRA DE JESUS SALOMAO;DEPUTADO ESTADUAL;AVANTE;FEMININO;BRANCA
190002538007;ANTONIO LAPROVITA;DEPUTADO ESTADUAL;PSD;MASCULINO;PARDA
190002537741;MARCO ANTONIO PEREIRA DE FIGUEIREDO;DEPUTADO ESTADUAL;PSB;MASCULINO;BRANCA
190002537134;ROSALDO FERREIRA DA SILVA;DEPUTADO FEDERAL;AVANTE;MASCULINO;BRANCA
190002537149;SIMONE PIMENTEL DE ARAUJO;DEPUTADO FEDERAL;AVANTE;FEMININO;PARDA
190002538831;FERNANDO NASCIMENTO FERREIRA;DEPUTADO ESTADUAL;MDB;MASCULINO;BRANCA
190002537169;JOAO VALOIS CORREA QUEIROZ OLIVEIRA;DEPUTADO FEDERAL;AVANTE;MASCULINO;BRANCA
190002539365;LUZINEIDE MENEZES NASCIMENTO;DEPUTADO FEDERAL;MDB;FEMININO;PARDA
190002536131;ALVARO RIBEIRO TRAVASSOS;DEPUTADO ESTADUAL;REDE;MASCULINO;BRANCA
190002543067;LUCIANA NERI DA SILVA;DEPUTADO FEDERAL;PT;FEMININO;PRETA
190002543308;MARY BORGES DE OLIVEIRA;DEPUTADO ESTADUAL;PT;FEMININO;BRANCA
190002547213;FELIPE SOMMER DOS SANTOS;DEPUTADO ESTADUAL;MOBILIZA;MASCULINO;BRANCA
190002537115;EDUARDO CANDIDO GOMES;DEPUTADO ESTADUAL;AGIR;MASCULINO;PRETA
190002534110;RODRIGO DRABLE COSTA;DEPUTADO ESTADUAL;SOLIDARIEDADE;MASCULINO;BRANCA
190002536119;WALLACE FERREIRA DA MOTA;DEPUTADO ESTADUAL;REDE;MASCULINO;PARDA
190002540188;LUCIANE COSTA DOS SANTOS FERREIRA;DEPUTADO FEDERAL;PSD;FEMININO;PRETA
190002534097;SIMONE DA SILVA MELLO BRASILIENSE;DEPUTADO ESTADUAL;SOLIDARIEDADE;FEMININO;BRANCA
190002543903;WILLIAM CORREIA DA SILVA JUNIOR;DEPUTADO FEDERAL;DC;MASCULINO;BRANCA
190002543530;MICHEL DE SOUZA KOURI;DEPUTADO FEDERAL;MISSÃO;MASCULINO;PARDA
190002534092;KATIA CRISTINA EXPERIDIAO DO NASCIMENTO;DEPUTADO ESTADUAL;SOLIDARIEDADE;FEMININO;PRETA
190002540165;SILVIA DE BRAGA ARAO;DEPUTADO FEDERAL;PSD;FEMININO;PRETA
190002536570;PATRICIA FRANCISCO DE ALMEIDA;DEPUTADO ESTADUAL;AGIR;FEMININO;PRETA
190002548298;LUCIO ROSA;DEPUTADO ESTADUAL;DC;MASCULINO;PRETA
190002534831;ELOI SOUZA DE OLIVEIRA;DEPUTADO FEDERAL;PRD;MASCULINO;PRETA
190002548081;RENAN LOPES DA FONSECA;DEPUTADO ESTADUAL;PODE;MASCULINO;PRETA
190002548310;RODRIGO CASTRO FRAGOSO;DEPUTADO ESTADUAL;DC;MASCULINO;PARDA
190002554117;FRANCISCO LIMA FILHO;DEPUTADO FEDERAL;PDT;MASCULINO;BRANCA
190002534629;CARLOS MURDOCH FERNANDES;DEPUTADO FEDERAL;NOVO;MASCULINO;BRANCA
190002538431;ELAINE DA CONCEICAO FERREIRA;DEPUTADO FEDERAL;PSB;FEMININO;PRETA
190002548287;GILMAR HONORIO DE LIMA;DEPUTADO ESTADUAL;DC;MASCULINO;BRANCA
190002536128;JOE LOUIS VENTURA DE AVELAR;DEPUTADO ESTADUAL;REDE;MASCULINO;PRETA
190002547218;ROSANGELA PIRES LEAL;DEPUTADO ESTADUAL;MOBILIZA;FEMININO;BRANCA
190002534063;DALIELSON PEREIRA BERTO;DEPUTADO ESTADUAL;SOLIDARIEDADE;MASCULINO;PRETA
190002543028;ISLA COSTA DA CONCEICAO;DEPUTADO ESTADUAL;REPUBLICANOS;FEMININO;PRETA
190002538865;GIAN MARINS PARREIRAS;DEPUTADO ESTADUAL;MDB;MASCULINO;PRETA
190002547233;PAULO ROBERTO TAVARES LOBATO;DEPUTADO FEDERAL;MOBILIZA;MASCULINO;PARDA
190002543359;MICHELLY RODRIGUES DE ALMEIDA;DEPUTADO FEDERAL;REPUBLICANOS;FEMININO;BRANCA
190002550035;MARCIA VALERIA DE CARVALHO PAIVA;DEPUTADO ESTADUAL;PSDB;FEMININO;BRANCA
190002550269;SERGIO BENFICA JUNIOR;DEPUTADO ESTADUAL;PSDB;MASCULINO;BRANCA
190002543882;GERUSA DE SALES BARBOZA;DEPUTADO FEDERAL;DC;FEMININO;PARDA
190002543911;ROGERIO VERISSIMO RODRIGUES;DEPUTADO FEDERAL;DC;MASCULINO;PARDA
190002538569;ALBERTO RANGEL DA SILVA;DEPUTADO ESTADUAL;AVANTE;MASCULINO;BRANCA
190002540176;FABIO FERREIRA MIGUEL DOS SANTOS;DEPUTADO FEDERAL;PSD;MASCULINO;PARDA
190002534104;JOAO LUCAS MACIEL DE LIMA;DEPUTADO ESTADUAL;SOLIDARIEDADE;MASCULINO;PARDA
190002540155;FLAVIA OLIVEIRA DE SOUZA;DEPUTADO FEDERAL;PSD;FEMININO;PARDA
190002554327;MARTA RITA FERREIRA DE SOUZA;DEPUTADO ESTADUAL;PDT;FEMININO;BRANCA
190002538034;ELINETE GONCALVES GIRARD DE MELLO;DEPUTADO ESTADUAL;PSD;FEMININO;PARDA
190002538009;ANTONIO JOSE PAPERA DE AZEVEDO;DEPUTADO ESTADUAL;PSD;MASCULINO;PARDA
190002554329;EDSON RIBEIRO MAGALHÃES SILVA;DEPUTADO ESTADUAL;PDT;MASCULINO;PARDA
190002540183;FELIPE BEZERRA DA COSTA;DEPUTADO FEDERAL;PSD;MASCULINO;PARDA
190002541839;JOSILDA SANTOS DE OLIVEIRA;DEPUTADO ESTADUAL;PDT;FEMININO;BRANCA
190002543898;ISAC FARIAS NASCIMENTO;DEPUTADO FEDERAL;DC;MASCULINO;PARDA
190002548292;MARIA EUGENIA BONDIM DE LEAO;DEPUTADO ESTADUAL;DC;FEMININO;BRANCA
190002537129;JULIO CESAR ALVES DA ROCHA;DEPUTADO ESTADUAL;AGIR;MASCULINO;PARDA
190002537128;VIVIANE DIANA FRANCA CARIELLO;DEPUTADO ESTADUAL;AGIR;FEMININO;BRANCA
190002538814;JONATHAN BEZERRA FARIAS;DEPUTADO ESTADUAL;MDB;MASCULINO;PARDA
190002538603;EMILIA MARIA DE SOUZA;DEPUTADO ESTADUAL;AVANTE;FEMININO;PRETA
190002541660;FLAVIA ALVES PEDRA LOUZADA;DEPUTADO ESTADUAL;PP;FEMININO;BRANCA
190002534873;GLAUBER MEDEIROS POUBEL;DEPUTADO FEDERAL;SOLIDARIEDADE;MASCULINO;PARDA
190002541045;BERNARDO CHIM ROSSI;DEPUTADO FEDERAL;UNIÃO;MASCULINO;BRANCA
190002552242;FERNANDA CAROLINE DA SILVA;DEPUTADO ESTADUAL;DEMOCRATA;FEMININO;PARDA
190002552251;SAUL GUALBERTO MOURA;DEPUTADO ESTADUAL;DEMOCRATA;MASCULINO;PARDA
190002539346;ARNALDO LUIZ GOMES FREITAS;DEPUTADO FEDERAL;MDB;MASCULINO;BRANCA
190002541648;GESIEL DE OLIVEIRA LESSA;DEPUTADO ESTADUAL;UNIÃO;MASCULINO;BRANCA
190002541790;JOSE ANTONIO VIEIRA;DEPUTADO ESTADUAL;PDT;MASCULINO;PARDA
190002537173;LUCIANA TELES ROSA;DEPUTADO FEDERAL;AVANTE;FEMININO;PRETA
190002538596;ERICO DA SILVA FREITAS;DEPUTADO ESTADUAL;AVANTE;MASCULINO;PARDA
190002543873;CLAUDIA DA SILVA ARAUJO;DEPUTADO FEDERAL;DC;FEMININO;BRANCA
190002548271;CAROLINA AGOSTINHO PERIS;DEPUTADO ESTADUAL;DC;FEMININO;PRETA
190002541836;ANDERSON LUIS DOS SANTOS;DEPUTADO ESTADUAL;PDT;MASCULINO;BRANCA
190002536116;RAUL DA SILVA JUNIOR;DEPUTADO ESTADUAL;REDE;MASCULINO;BRANCA
190002543018;ALEXANDRA GOMES MENDONCA;DEPUTADO ESTADUAL;REPUBLICANOS;FEMININO;BRANCA
190002543041;DANIEL RAMOS DA SILVA;DEPUTADO ESTADUAL;REPUBLICANOS;MASCULINO;PARDA
190002550510;LUCIANO VIEIRA MENDES;DEPUTADO FEDERAL;PSDB;MASCULINO;BRANCA
190002538010;CHRISTIAN JOSE BERNARDO DE SOUSA;DEPUTADO ESTADUAL;PSD;MASCULINO;PARDA
190002539645;MARIA JOSE PINHEIRO DOS SANTOS;DEPUTADO FEDERAL;PDT;FEMININO;PRETA
190002541803;FERNANDA SIXEL BARRETO;DEPUTADO ESTADUAL;PDT;FEMININO;BRANCA
190002539644;DANILO PERES DOS SANTOS;DEPUTADO FEDERAL;PDT;MASCULINO;BRANCA
190002543356;CARLA DA SILVA;DEPUTADO FEDERAL;REPUBLICANOS;FEMININO;PRETA
190002543373;DAVID LOUREIRO COELHO;DEPUTADO FEDERAL;REPUBLICANOS;MASCULINO;BRANCA
190002543008;RICARDO STERCE DA SILVA;DEPUTADO ESTADUAL;REPUBLICANOS;MASCULINO;PARDA
190002536526;JAQUELINE PEREIRA COSTA;DEPUTADO ESTADUAL;AGIR;FEMININO;BRANCA
190002541834;SONIA DOS SANTOS GASPAR;DEPUTADO ESTADUAL;PDT;FEMININO;BRANCA
190002541810;ALCYR LAUDUGER DA SILVA;DEPUTADO ESTADUAL;PDT;MASCULINO;PRETA
190002539669;JORGE ROSA DA SILVA;DEPUTADO FEDERAL;PDT;MASCULINO;PARDA
190002537767;GLAUCIO VENICIO DE OLIVEIRA FONTES;DEPUTADO ESTADUAL;PSB;MASCULINO;PARDA
190002538859;ALDINEIA LEITE MOREIRA;DEPUTADO ESTADUAL;MDB;FEMININO;PRETA
190002539340;PENHA VENTURA ALVES;DEPUTADO FEDERAL;MDB;FEMININO;PARDA
190002536557;ALEX OFREDI MELIM;DEPUTADO ESTADUAL;AGIR;MASCULINO;BRANCA
190002537773;INES TANIA LIMA DA SILVA;DEPUTADO ESTADUAL;PSB;FEMININO;PRETA
190002537728;LUIZ DA SILVA GOMES;DEPUTADO ESTADUAL;PSB;MASCULINO;PARDA
190002534453;SILVIA AFFONSO BROLO CABRAL;DEPUTADO ESTADUAL;NOVO;FEMININO;PARDA
190002541652;RUBENS DE ARAUJO PIRES;DEPUTADO ESTADUAL;PP;MASCULINO;PARDA
190002537794;NILTON CESAR PEREIRA MOREIRA;DEPUTADO ESTADUAL;PSB;MASCULINO;BRANCA
190002547210;ANDRE LUIZ BALBINA DA SILVA;DEPUTADO ESTADUAL;MOBILIZA;MASCULINO;PRETA
190002552513;LUAN MONTEIRO PASCHOAL PIRES;GOVERNADOR;PCO;MASCULINO;BRANCA
190002534054;ALEXANDRE SILVA DOS SANTOS;DEPUTADO ESTADUAL;SOLIDARIEDADE;MASCULINO;PARDA
190002538821;ALEXANDRO TEIXEIRA SILVA;DEPUTADO ESTADUAL;MDB;MASCULINO;BRANCA
190002543097;ELIAS MARCO KHALIL JABBOUR;DEPUTADO FEDERAL;PCDOB;MASCULINO;BRANCA
190002543905;YUL GOMES DA SILVA;DEPUTADO FEDERAL;DC;MASCULINO;PARDA
190002543103;CARLOS AUGUSTO ALVES SANTANA;DEPUTADO FEDERAL;PT;MASCULINO;PRETA
190002553913;DEBORA PONTES OLIVEIRA SILVA;DEPUTADO ESTADUAL;NOVO;FEMININO;PARDA
190002534615;KELAINE NUNES DE ALVARENGA DE SOUZA DE AVILA;DEPUTADO FEDERAL;NOVO;FEMININO;PARDA
190002543355;CARLOS ALBERTO DE OLIVEIRA;DEPUTADO FEDERAL;REPUBLICANOS;MASCULINO;PRETA
190002541669;ALESSANDRO SOARES RITTON;DEPUTADO ESTADUAL;PP;MASCULINO;BRANCA
190002534732;EDPO ROCHA FELIX;DEPUTADO ESTADUAL;NOVO;MASCULINO;BRANCA
190002543577;THAYSA RODRIGUES DE AZEVEDO VENTURA;DEPUTADO ESTADUAL;PT;FEMININO;PRETA
190002547182;AMANDA CAROLINA DINIZ ALMEIDA;DEPUTADO ESTADUAL;MOBILIZA;FEMININO;PARDA
190002543259;JOSE CARLOS DA SILVA FILHO;DEPUTADO FEDERAL;PODE;MASCULINO;PARDA
190002548265;CLAUDINEIA CONCEICAO DA SILVA;DEPUTADO ESTADUAL;DC;FEMININO;PARDA
190002552236;WANDER LUIZ DA SILVA SA;DEPUTADO ESTADUAL;DEMOCRATA;MASCULINO;PARDA
190002552241;PATRICIA DA SILVA TAVARES;DEPUTADO ESTADUAL;DEMOCRATA;FEMININO;BRANCA
190002552252;BARBARA ROBERTA MARQUES MAIA;DEPUTADO ESTADUAL;DEMOCRATA;FEMININO;PARDA
190002532808;CARLOS ROBERTO JORDY COELHO DE MATTOS;DEPUTADO FEDERAL;PL;MASCULINO;BRANCA
190002552235;DARIL NOGUEIRA BARBOSA;DEPUTADO ESTADUAL;DEMOCRATA;MASCULINO;PRETA
190002551530;ANDRE LUIZ OLIVEIRA DE ALBUQUERQUE;DEPUTADO FEDERAL;DEMOCRATA;MASCULINO;BRANCA
190002552285;ROBERTO MACHADO DAS NEVES;DEPUTADO ESTADUAL;DEMOCRATA;MASCULINO;BRANCA
190002549598;JESSICA MICHELLE ARAUJO DE ABREU;DEPUTADO FEDERAL;PSDB;FEMININO;PARDA
190002552232;MARLUCIA DA SILVA NUNES CRUZ;DEPUTADO ESTADUAL;DEMOCRATA;FEMININO;PRETA
190002541055;EDUARDO DOS SANTOS ABREU;DEPUTADO FEDERAL;UNIÃO;MASCULINO;BRANCA
190002534849;PATRICIA ANTUNES CARDOSO;DEPUTADO FEDERAL;SOLIDARIEDADE;FEMININO;BRANCA
190002541061;ALEXANDRA DA CONCEICAO FERRO;DEPUTADO FEDERAL;PP;FEMININO;PRETA
190002538002;ELISANGELA ALMEIDA DE OLIVEIRA;DEPUTADO ESTADUAL;PSD;FEMININO;PARDA
190002538003;FERNANDA DE MELLO GUIMARAES LEAL DE OLIVEIRA;DEPUTADO ESTADUAL;PSD;FEMININO;BRANCA
190002547269;MARIA DA PENHA MERENCIO LIRA INOCENCIO;DEPUTADO FEDERAL;MOBILIZA;FEMININO;BRANCA
190002552188;LUCIANA XAVIER MONTEIRO E SILVA;DEPUTADO FEDERAL;MOBILIZA;FEMININO;BRANCA
190002554299;THAIZA CRISTINA ESPERANCA DIAS;DEPUTADO ESTADUAL;MDB;FEMININO;PARDA
190002552532;SOLANGE PEREIRA DA SILVA;DEPUTADO ESTADUAL;PCO;FEMININO;PRETA
190002538855;NEULY ALEXANDRE DE BARROS;DEPUTADO ESTADUAL;MDB;FEMININO;PRETA
190002534691;MARCOS VINICIUS BARCELLOS COUTINHO;DEPUTADO ESTADUAL;NOVO;MASCULINO;BRANCA
190002543574;FELIPE ALVES DE SOUZA;DEPUTADO ESTADUAL;PV;MASCULINO;PRETA
190002541090;NATACHA ALVES DA SILVA;DEPUTADO FEDERAL;UNIÃO;FEMININO;BRANCA
190002541058;RENAN MARASSI MAGALHAES;DEPUTADO FEDERAL;UNIÃO;MASCULINO;BRANCA
190002541081;THIAGO PAES DE AGUIAR;DEPUTADO FEDERAL;UNIÃO;MASCULINO;BRANCA
190002537140;KEZIA GRAZIELA DE QUEIROZ;DEPUTADO FEDERAL;AVANTE;FEMININO;PARDA
190002538025;LUIS ANTONIO DA COSTA RAMOS;DEPUTADO ESTADUAL;PSD;MASCULINO;BRANCA
190002547266;PAULO FERREIRA DA SILVA;DEPUTADO FEDERAL;MOBILIZA;MASCULINO;BRANCA
190002547188;FABIO CHAVES VASCONCELLOS;DEPUTADO ESTADUAL;MOBILIZA;MASCULINO;PARDA
190002548294;AUGUSTO EMILIO DA SILVA;DEPUTADO ESTADUAL;DC;MASCULINO;PRETA
190002536529;REGINALDO SILVA ARAUJO CURY;DEPUTADO ESTADUAL;AGIR;MASCULINO;BRANCA
190002534833;EDSON PEREIRA DA SILVA;DEPUTADO FEDERAL;SOLIDARIEDADE;MASCULINO;PRETA
190002553914;ALEX PEREIRA DE SOUZA;DEPUTADO ESTADUAL;NOVO;MASCULINO;PRETA
190002537123;WANDERLEY BATISTA DOS SANTOS;DEPUTADO ESTADUAL;AGIR;MASCULINO;PARDA
190002534857;CARLOS ROBERTO DE CARVALHO;DEPUTADO FEDERAL;SOLIDARIEDADE;MASCULINO;BRANCA
190002547226;LEANDRO SOUZA DOS SANTOS;DEPUTADO ESTADUAL;MOBILIZA;MASCULINO;BRANCA
190002547240;FABIO DA PAZ PEREIRA;DEPUTADO FEDERAL;MOBILIZA;MASCULINO;BRANCA
190002547212;NILTON LOPES DA SILVA FILHO;DEPUTADO ESTADUAL;MOBILIZA;MASCULINO;PRETA
190002547196;ISIS VIANA SCHRAMM LISBOA;DEPUTADO ESTADUAL;MOBILIZA;FEMININO;PARDA
190002547253;ANDERSON DE LIMA CRUZ;DEPUTADO FEDERAL;MOBILIZA;MASCULINO;PRETA
190002547176;MARIA DO CARMO GOMES DA CONCEICAO DE OLIVEIRA;DEPUTADO ESTADUAL;MOBILIZA;FEMININO;PARDA
190002534678;CREMILDO CORREA DE SOUZA JUNIOR;DEPUTADO ESTADUAL;NOVO;MASCULINO;PRETA
190002538861;WANDERSON CEZAR DE OLIVEIRA;DEPUTADO ESTADUAL;MDB;MASCULINO;BRANCA
190002534091;LELIANE MARIA PINHEIRO;DEPUTADO ESTADUAL;SOLIDARIEDADE;FEMININO;PRETA
190002532807;SORAYA ALENCAR DOS SANTOS;DEPUTADO FEDERAL;PL;FEMININO;BRANCA
190002537153;EMANUELLE VICENTE DOS SANTOS;DEPUTADO FEDERAL;AVANTE;FEMININO;PRETA
190002550265;BRUNA DE MELLO FERREIRA LEMOS;DEPUTADO ESTADUAL;PSDB;FEMININO;PARDA
190002541826;HERNANDES FELIPPE XIMENES;DEPUTADO ESTADUAL;PDT;MASCULINO;PARDA
190002554328;JOAO DIAS JUNIOR;DEPUTADO ESTADUAL;PDT;MASCULINO;PARDA
190002539685;MOISES DA SILVA BOECHAT;DEPUTADO FEDERAL;PDT;MASCULINO;BRANCA
190002541825;ALEXANDRE RAMOS COELHO;DEPUTADO ESTADUAL;PDT;MASCULINO;BRANCA
190002539676;JOSE RENATO MUNIZ GUIMARAES;DEPUTADO FEDERAL;PDT;MASCULINO;BRANCA
190002541838;GILSON BESERRA DA SILVA;DEPUTADO ESTADUAL;PDT;MASCULINO;PARDA
190002537117;RICARDO DE CARVALHO SILVA;DEPUTADO ESTADUAL;AGIR;MASCULINO;PRETA
190002538589;DILSON PEREIRA DE LUCA;DEPUTADO ESTADUAL;AVANTE;MASCULINO;BRANCA
190002534070;SOLANGE NAVAL DE MENDONCA;DEPUTADO ESTADUAL;SOLIDARIEDADE;FEMININO;PARDA
190002534111;MARCOS DA SILVA E SOUZA;DEPUTADO ESTADUAL;SOLIDARIEDADE;MASCULINO;PARDA
190002534081;CLAUDIA DE FARIAS BRAGA DE ABREU;DEPUTADO ESTADUAL;SOLIDARIEDADE;FEMININO;PRETA
190002540178;LUCIANE DOS SANTOS RUFINO;DEPUTADO FEDERAL;PSD;FEMININO;PRETA
190002537126;HUMBERTO LUIZ COSTA SIQUEIRA;DEPUTADO ESTADUAL;AGIR;MASCULINO;PRETA
190002552527;VALERIA MARIA DE SOUZA BARBALHO;DEPUTADO FEDERAL;PCO;FEMININO;BRANCA
190002552529;EDUARDO LOPES DE MELLO;DEPUTADO FEDERAL;PCO;MASCULINO;BRANCA
190002534114;NORIVAL GARCIA DA SILVA JUNIOR;DEPUTADO ESTADUAL;SOLIDARIEDADE;MASCULINO;BRANCA
190002538818;BARBARA MARINA AGUIAR SILVA;DEPUTADO ESTADUAL;MDB;FEMININO;BRANCA
190002538856;MARIO JOSE SODRE DE SOUSA;DEPUTADO ESTADUAL;MDB;MASCULINO;BRANCA
190002534065;DENIS MAIQUEL DA COSTA RAMOS;DEPUTADO ESTADUAL;SOLIDARIEDADE;MASCULINO;PARDA
190002544928;MARCUS VINICIUS CORREA SALDANHA DA GAMA;DEPUTADO ESTADUAL;PODE;MASCULINO;BRANCA
190002541689;EDGLACY CERQUEIRA FERREIRA;DEPUTADO ESTADUAL;UNIÃO;FEMININO;PARDA
190002552292;THIAGO BRUNO INACIO DA SILVA;DEPUTADO ESTADUAL;DEMOCRATA;MASCULINO;BRANCA
190002552274;CLAUDIO ALVES DE OLIVEIRA;DEPUTADO ESTADUAL;DEMOCRATA;MASCULINO;BRANCA
190002537162;RAQUEL CANTARELI SAMPAIO;DEPUTADO FEDERAL;AVANTE;FEMININO;BRANCA
190002538606;PEDRO FERREIRA DA SILVA NETO;DEPUTADO ESTADUAL;AVANTE;MASCULINO;PARDA
190002554331;ANTONIO REIS DE OLIVEIRA;DEPUTADO ESTADUAL;PDT;MASCULINO;PARDA
190002537172;JOSE LUIZ ALVES SERAFIM;DEPUTADO FEDERAL;AVANTE;MASCULINO;BRANCA
190002543876;FELIPE DE AGUIAR GUEDES;DEPUTADO FEDERAL;DC;MASCULINO;BRANCA
190002543902;IRAN FERREIRA MARINS;DEPUTADO FEDERAL;DC;MASCULINO;PARDA
190002551522;LEANDRO DE SOUZA SILVA;DEPUTADO FEDERAL;DEMOCRATA;MASCULINO;BRANCA
190002550036;GUSTAVO LUIZ DE OLIVEIRA SOUZA;DEPUTADO ESTADUAL;CIDADANIA;MASCULINO;PRETA
190002539473;PAULO CESAR DA GUIA ALMEIDA;DEPUTADO FEDERAL;PSD;MASCULINO;BRANCA
190002539827;PAULA ANDREIA ALMEIDA FALCAO;SENADOR;PSTU;FEMININO;PARDA
190002547238;FERNANDA CRISTINA FERREIRA DE MESQUITA;DEPUTADO FEDERAL;MOBILIZA;FEMININO;PARDA
190002547180;RAFAEL SIMPLICIO;DEPUTADO ESTADUAL;MOBILIZA;MASCULINO;PRETA
190002539660;LUCAS TERRA BASTOS;DEPUTADO FEDERAL;PDT;MASCULINO;BRANCA
190002548320;JACKSON DE SOUZA ALMEIDA;DEPUTADO ESTADUAL;DC;MASCULINO;PARDA
190002539339;HENRIQUE ABRAHAO CHARLES;DEPUTADO FEDERAL;MDB;MASCULINO;BRANCA
190002543358;ELIAS NUNES DE QUEIROZ;DEPUTADO FEDERAL;REPUBLICANOS;MASCULINO;PARDA
190002552288;PAULO ROBERTO MARQUES FILHO;DEPUTADO ESTADUAL;DEMOCRATA;MASCULINO;PARDA
190002554358;TANIA MARA RIBEIRO LIMA DIMA;DEPUTADO ESTADUAL;PV;FEMININO;PARDA
190002547230;SANDRO BARBOSA GOMES;DEPUTADO ESTADUAL;MOBILIZA;MASCULINO;PARDA
190002547197;ALAN RODRIGO GONCALVES GUIMARAES;DEPUTADO ESTADUAL;MOBILIZA;MASCULINO;PRETA
190002534682;LUIZ CLAUDIO FERREIRA;DEPUTADO ESTADUAL;NOVO;MASCULINO;PARDA
190002544945;SERGIO RICARDO MEDEIROS DE OLIVEIRA;DEPUTADO ESTADUAL;PODE;MASCULINO;PARDA
190002543094;LOURENCO DO VALE CAVALCANTE;DEPUTADO FEDERAL;PT;MASCULINO;BRANCA
190002539351;NIELSON RODRIGO VICENTE DOS ANJOS;DEPUTADO FEDERAL;MDB;MASCULINO;BRANCA
190002534830;ANDERSON LUIZ BRAVO;DEPUTADO FEDERAL;SOLIDARIEDADE;MASCULINO;PRETA
190002537788;ROBSON DE SOUZA XAVIER;DEPUTADO ESTADUAL;PSB;MASCULINO;PARDA
190002541833;VIVIANE DOS SANTOS RODRIGUES;DEPUTADO ESTADUAL;PDT;FEMININO;BRANCA
190002541816;MARIA HELENA VIEIRA MARTINS;DEPUTADO ESTADUAL;PDT;FEMININO;PRETA
190002541071;WELLINGTON JOSE DA SILVA;DEPUTADO FEDERAL;UNIÃO;MASCULINO;BRANCA
190002548309;MARCO ANTONIO MACHADO BARROS;DEPUTADO ESTADUAL;DC;MASCULINO;PARDA
190002548303;ANA MARIA DE OLIVEIRA LUIZ;DEPUTADO ESTADUAL;DC;FEMININO;PARDA
190002536161;HELOISA HELENA LIMA DE MORAES CARVALHO;DEPUTADO FEDERAL;REDE;FEMININO;PARDA
190002534636;SILVIA ROSA BLUMBERG;DEPUTADO FEDERAL;NOVO;FEMININO;BRANCA
190002540191;VIVIAN ALENCAR DOS SANTOS FERREIRA;DEPUTADO FEDERAL;PSD;FEMININO;BRANCA
190002534846;MARCELO DO NASCIMENTO;DEPUTADO FEDERAL;SOLIDARIEDADE;MASCULINO;PRETA
190002550507;JOAO FERREIRA NETO;DEPUTADO FEDERAL;PSDB;MASCULINO;PARDA
190002551529;MARCO AURELIO RODRIGUES;DEPUTADO FEDERAL;DEMOCRATA;MASCULINO;BRANCA
190002552269;NOEMI DIAS DE OLIVEIRA;DEPUTADO ESTADUAL;DEMOCRATA;FEMININO;PRETA
190002551537;MARIA DA CONCEICAO MONTEIRO;DEPUTADO FEDERAL;DEMOCRATA;FEMININO;BRANCA
190002552254;DAIANA GONCALVES DA SILVA;DEPUTADO ESTADUAL;DEMOCRATA;FEMININO;PARDA
190002543077;REJANE DE ALMEIDA;DEPUTADO FEDERAL;PCDOB;FEMININO;PRETA
190002543871;PAULO SERGIO DE JUNIOR;DEPUTADO FEDERAL;DC;MASCULINO;PARDA
190002543907;RUIMAR RAMALHO MENDES;DEPUTADO FEDERAL;DC;MASCULINO;BRANCA
190002548319;DENIS CLEITON DE CARVALHO;DEPUTADO ESTADUAL;DC;MASCULINO;PARDA
190002543305;MARCO AURELIO DE SOUZA BARRETO;DEPUTADO ESTADUAL;PT;MASCULINO;BRANCA
190002552286;JOELSON DOS SANTOS SOUZA;DEPUTADO ESTADUAL;DEMOCRATA;MASCULINO;PRETA
190002551526;EDUARDO BARBOSA RODRIGUES;DEPUTADO FEDERAL;DEMOCRATA;MASCULINO;PARDA
190002551524;ROBERTA CRISTINA NASCIMENTO;DEPUTADO FEDERAL;DEMOCRATA;FEMININO;PRETA
190002551213;GILBERTO DE OLIVEIRA SEPULVEDA;DEPUTADO FEDERAL;DEMOCRATA;MASCULINO;BRANCA
190002551205;MARIO MALAQUIAS CAMPOS;DEPUTADO FEDERAL;DEMOCRATA;MASCULINO;PARDA
190002551534;RODOLFO AUGUSTO DE BARROS;DEPUTADO FEDERAL;DEMOCRATA;MASCULINO;PARDA
190002551535;CARLA ERRICHELLI CELENTO CAMPOS;DEPUTADO FEDERAL;DEMOCRATA;FEMININO;BRANCA
190002552275;FERNANDO PAIS DE SOUZA;DEPUTADO ESTADUAL;DEMOCRATA;MASCULINO;BRANCA
190002541082;MADELEINE FARIAS RANGEL DYKEMAN;DEPUTADO FEDERAL;UNIÃO;FEMININO;PARDA
190002550508;MARIA DAS GRACAS TUZE DE MATOS;DEPUTADO FEDERAL;PSDB;FEMININO;BRANCA
190002541837;JOSE CAMILO ZITO DOS SANTOS FILHO;DEPUTADO ESTADUAL;PDT;MASCULINO;PARDA
190002543575;BRUNO COSTA SILVA;DEPUTADO ESTADUAL;PV;MASCULINO;PRETA
190002541818;JOSIAS DA SILVA MOREIRA;DEPUTADO ESTADUAL;PDT;MASCULINO;BRANCA
190002534101;ELAINE MARIA MARTINS DE ARAUJO CHAGAS;DEPUTADO ESTADUAL;SOLIDARIEDADE;FEMININO;PRETA
190002538033;JOSIE NEIBER APARECIDA BARBOSA NOGUEIRA ABRITTA VENTURA;DEPUTADO ESTADUAL;PSD;FEMININO;BRANCA
190002541808;ELAINE SANTOS DE OLIVEIRA;DEPUTADO ESTADUAL;PDT;FEMININO;PARDA
190002534649;CARLOS EDUARDO DE LIMA MARTINS;DEPUTADO FEDERAL;NOVO;MASCULINO;PARDA
190002543348;JOSE EMILIO DE MENDONCA ANTONIO;DEPUTADO FEDERAL;REPUBLICANOS;MASCULINO;BRANCA
190002536572;GLAUCIA BARBOSA CANDIDO ALVES SLANA;DEPUTADO ESTADUAL;AGIR;FEMININO;PRETA
190002536535;GLAURA CORREA DE ALMEIDA LARANGEIRA;DEPUTADO ESTADUAL;AGIR;FEMININO;BRANCA
190002536533;GUSTAVO MOREIRA VILELA;DEPUTADO ESTADUAL;AGIR;MASCULINO;BRANCA
190002537793;LUIZ CARLOS PEREIRA PINTO;DEPUTADO ESTADUAL;PSB;MASCULINO;PRETA
190002537766;CHRISTIANE DA COSTA RODRIGUES CARVALHO;DEPUTADO ESTADUAL;PSB;FEMININO;BRANCA
190002538617;LUIS EDUARDO ALMEIDA DE OLIVEIRA JUNIOR;DEPUTADO ESTADUAL;AVANTE;MASCULINO;PARDA
190002539651;JONATAS GUIMARAES DIAS;DEPUTADO FEDERAL;PDT;MASCULINO;BRANCA
190002537167;LUIZ CARLOS DE ALMEIDA NASCIMENTO;DEPUTADO FEDERAL;AVANTE;MASCULINO;PARDA
190002536527;VICTOR LUCAS AGUIAR;DEPUTADO ESTADUAL;AGIR;MASCULINO;BRANCA
190002552289;ELIONE HERCULANO DE CASTRO;DEPUTADO ESTADUAL;DEMOCRATA;FEMININO;BRANCA
190002551528;THIAGO DE OLIVEIRA SANTOS LOPES;DEPUTADO FEDERAL;DEMOCRATA;MASCULINO;PRETA
190002538012;ALEXANDRE HENRIQUE NOGUEIRA;DEPUTADO ESTADUAL;PSD;MASCULINO;PARDA
190002551206;ROMULO FERNANDES BARRETO;DEPUTADO FEDERAL;DEMOCRATA;MASCULINO;PRETA
190002550027;THIAGO MOURA SALIM;DEPUTADO ESTADUAL;PSDB;MASCULINO;PARDA
190002538042;RONALDO DA SILVA MOREIRA;DEPUTADO ESTADUAL;PSD;MASCULINO;PARDA
190002539542;ESTEBAN ROBERTO FERREIRA CRESCENTE;DEPUTADO FEDERAL;UP;MASCULINO;BRANCA
190002550303;EDILMAR DE OLIVEIRA SILVA;DEPUTADO ESTADUAL;PSDB;MASCULINO;PARDA
190002550305;FELIPE NUNES FONSECA DE BRITO;DEPUTADO ESTADUAL;PSDB;MASCULINO;BRANCA
190002550274;VERA LUCIA RODRIGUES MEDEIROS;DEPUTADO ESTADUAL;PSDB;FEMININO;PARDA
190002541791;DEBORA MELLO SARAIVA;DEPUTADO ESTADUAL;PDT;FEMININO;BRANCA
190002550292;ALEXANDRE INOCENCIO BORGES CORREIA;DEPUTADO ESTADUAL;PSDB;MASCULINO;BRANCA
190002550281;RODRIGO DINAMITE MARINS DE OLIVEIRA;DEPUTADO ESTADUAL;PSDB;MASCULINO;BRANCA
190002550286;VANESSA GABRIELA GOUVEA;DEPUTADO ESTADUAL;PSDB;FEMININO;BRANCA
190002550310;SANDRO ABDALA NAJA;DEPUTADO ESTADUAL;PSDB;MASCULINO;PARDA
190002550023;ALBINO OLIVEIRA BATISTA;DEPUTADO ESTADUAL;PSDB;MASCULINO;PARDA
190002536565;LUIZ GUSTAVO ELERES GOMES;DEPUTADO ESTADUAL;AGIR;MASCULINO;BRANCA
190002550039;SONIA FELIX DA CRUZ DE JESUS MELO;DEPUTADO ESTADUAL;PSDB;FEMININO;BRANCA
190002534608;RODRIGO MARTINS COSTA MELO;DEPUTADO FEDERAL;NOVO;MASCULINO;BRANCA
190002543963;BIANCA RUBIM VIEIRA;DEPUTADO ESTADUAL;UP;FEMININO;BRANCA
190002543901;CARLOS EUFRAZIO DA CRUZ;DEPUTADO FEDERAL;DC;MASCULINO;PARDA
190002543879;JOSE MAGALHAES MUNIZ FILHO;DEPUTADO FEDERAL;DC;MASCULINO;BRANCA
190002538825;ELAINE MENDES FERREIRA;DEPUTADO ESTADUAL;MDB;FEMININO;AMARELA
190002534449;CASSIUS PESSANHA VIEIRA;DEPUTADO ESTADUAL;NOVO;MASCULINO;PRETA
190002548255;CARLOS ROBERTO DOS SANTOS;DEPUTADO ESTADUAL;DC;MASCULINO;PRETA
190002548267;ADEMIR MARTINS DA SILVA;DEPUTADO ESTADUAL;DC;MASCULINO;BRANCA
190002543917;MARCO AURELIO MARTINS VAZ;DEPUTADO FEDERAL;DC;MASCULINO;BRANCA
190002550270;DANIEL GLORIA DA SILVA;DEPUTADO ESTADUAL;CIDADANIA;MASCULINO;PARDA
190002554277;LUCIANO GOES GARCIA;DEPUTADO ESTADUAL;SOLIDARIEDADE;MASCULINO;BRANCA
190002541835;ROSANE LEMOS NASCIMENTO;DEPUTADO ESTADUAL;PDT;FEMININO;PARDA
190002534646;SERGIO RICARDO DE FIGUEIREDO MENEZES;DEPUTADO FEDERAL;NOVO;MASCULINO;BRANCA
190002534835;THIAGO DO NASCIMENTO ANTUNES;DEPUTADO FEDERAL;SOLIDARIEDADE;MASCULINO;PARDA
190002548308;LUCIO PEREIRA DA SILVA;DEPUTADO ESTADUAL;DC;MASCULINO;PARDA
190002538822;CARLOS ALEXANDRE DE OLIVEIRA;DEPUTADO ESTADUAL;MDB;MASCULINO;PARDA
190002538857;FABIANO SOARES DA SILVA;DEPUTADO ESTADUAL;MDB;MASCULINO;PRETA
190002539329;HILDEBRANDO GONCALVES RODRIGUES;DEPUTADO FEDERAL;MDB;MASCULINO;PRETA
190002539342;LEANDRO AUGUSTO MACHADO;DEPUTADO FEDERAL;MDB;MASCULINO;PRETA
190002554433;LETICIA LIRA RIBEIRO;DEPUTADO FEDERAL;UNIÃO;FEMININO;PARDA
190002538566;JOACIR MOREIRA DA SILVA;DEPUTADO ESTADUAL;AVANTE;MASCULINO;PRETA
190002534687;LETICIA SA REIS DE CALAZANS PEREIRA;DEPUTADO ESTADUAL;NOVO;FEMININO;BRANCA
190002548087;CRISTIANE RODRIGUES DA COSTA;DEPUTADO ESTADUAL;PODE;FEMININO;PRETA
190002538055;CLARICE DA SILVA SANTOS;DEPUTADO ESTADUAL;PSD;FEMININO;PARDA
190002541078;LENIEL BOREL DE ALMEIDA JUNIOR;DEPUTADO FEDERAL;PP;MASCULINO;BRANCA
190002541085;NATCHA DIAS BHERING;DEPUTADO FEDERAL;PP;FEMININO;BRANCA
190002547264;JOSE DA SILVA;DEPUTADO FEDERAL;MOBILIZA;MASCULINO;PRETA
190002547237;EDSON DE OLIVEIRA PIMENTA;DEPUTADO FEDERAL;MOBILIZA;MASCULINO;BRANCA
190002547204;JOVINO DE PAULA VIEIRA NETO;DEPUTADO ESTADUAL;MOBILIZA;MASCULINO;PRETA
190002538621;CRISTINA VASCONCELOS DA SILVA;DEPUTADO ESTADUAL;AVANTE;FEMININO;PRETA
190002534842;VIVIANE CARVALHO PETISCO;DEPUTADO FEDERAL;SOLIDARIEDADE;FEMININO;PARDA
190002534098;VERONICA SILVA CONCEICAO MARTINS;DEPUTADO ESTADUAL;SOLIDARIEDADE;FEMININO;PARDA
190002547184;JAIRO MEIRA DE PAULA;DEPUTADO ESTADUAL;MOBILIZA;MASCULINO;PRETA
190002547179;ALEX DA COSTA BATISTA;DEPUTADO ESTADUAL;MOBILIZA;MASCULINO;PRETA
190002538839;JERRI CAETANO MIRANDA;DEPUTADO ESTADUAL;MDB;MASCULINO;PRETA
190002541089;ANNA CRISTINA SOARES RIBEIRO DE ALMEIDA;DEPUTADO FEDERAL;UNIÃO;FEMININO;PARDA
190002538036;JORGE MURILO DE MENEZES FILHO;DEPUTADO ESTADUAL;PSD;MASCULINO;PRETA
190002548304;ALEXANDRE COUTINHO CORREA FILHO;DEPUTADO ESTADUAL;DC;MASCULINO;PARDA
190002543893;SIMONE CONCEICAO DOS SANTOS;DEPUTADO FEDERAL;DC;FEMININO;PARDA
190002547242;JARDANES FRANCISCO DE BARROS OLIVEIRA;DEPUTADO FEDERAL;MOBILIZA;MASCULINO;BRANCA
190002543895;SIMONE CLARA DO NASCIMENTO DE CARVALHO;DEPUTADO FEDERAL;DC;FEMININO;PRETA
190002548280;ROSILENE OLIMPIO DOS SANTOS;DEPUTADO ESTADUAL;DC;FEMININO;BRANCA
190002543890;ANDREA MARIA DE FARIA ANTUNES;DEPUTADO FEDERAL;DC;FEMININO;BRANCA
190002548306;MARCO ANTONIO BARREIROS CALVINHO;DEPUTADO ESTADUAL;DC;MASCULINO;BRANCA
190002541681;TATIANA OLIVEIRA DE CASTRO;DEPUTADO ESTADUAL;UNIÃO;FEMININO;PARDA
190002536559;RUCHESTER MARREIROS BARBOSA;DEPUTADO ESTADUAL;AGIR;MASCULINO;BRANCA
190002551204;IZABEL DOS SANTOS CARDOSO;DEPUTADO FEDERAL;DEMOCRATA;FEMININO;PARDA
190002541666;RENATA MELO DA SILVA DE SOUZA;DEPUTADO ESTADUAL;UNIÃO;FEMININO;BRANCA
190002536137;TEREZA CORREA DA SILVA;DEPUTADO ESTADUAL;REDE;FEMININO;INDÍGENA
190002538575;QUEZIA COSTA DA CONCEICAO DE SOUZA;DEPUTADO ESTADUAL;AVANTE;FEMININO;PARDA
190002536126;MARIA JOSE LOPES DOS ANJOS MACHADO;DEPUTADO ESTADUAL;REDE;FEMININO;PRETA
190002537163;ONASIS ROBERTO DE ASSIS GOMES;DEPUTADO FEDERAL;AVANTE;MASCULINO;PARDA
190002538620;JOAO ELIAS DOS SANTOS;DEPUTADO ESTADUAL;AVANTE;MASCULINO;PARDA
190002541801;RAFAEL BRASIEL RINALDI;DEPUTADO ESTADUAL;PDT;MASCULINO;BRANCA
190002548313;EDILMA MONTE DA SILVA;DEPUTADO ESTADUAL;DC;FEMININO;PARDA
190002543888;FRANCIS ARAUJO DA SILVA;DEPUTADO FEDERAL;DC;FEMININO;BRANCA
190002548284;JANE DE ANDRADE DE SOUZA;DEPUTADO ESTADUAL;DC;FEMININO;BRANCA
190002538439;DARLAN PRAXEDES DA COSTA CABISTANI;DEPUTADO FEDERAL;PSB;MASCULINO;PARDA
190002538601;GIOVANIA DE JESUS DE OLIVEIRA;DEPUTADO ESTADUAL;AVANTE;FEMININO;BRANCA
190002537160;SIDNEIA APARECIDA LIMA DOS SANTOS;DEPUTADO FEDERAL;AVANTE;FEMININO;PRETA
190002538573;MARCIA CRISTINA SANTOS DA SILVA;DEPUTADO ESTADUAL;AVANTE;FEMININO;PARDA
190002538615;MILTON VILARINO JUNIOR;DEPUTADO ESTADUAL;AVANTE;MASCULINO;PRETA
190002543964;HENDERSON RAMON PEREIRA LAURENTINO;DEPUTADO ESTADUAL;UP;MASCULINO;PRETA
190002534078;FRANCISCO DOMINICO CORONEL JUNIOR;DEPUTADO ESTADUAL;SOLIDARIEDADE;MASCULINO;PARDA
190002541080;MARIANA DE SOUZA;DEPUTADO FEDERAL;PP;FEMININO;BRANCA
190002543511;MIRIAM RODRIGUES CARVALHO;DEPUTADO FEDERAL;MISSÃO;FEMININO;PARDA
190002541680;MARIA DA PENHA BERNARDES;DEPUTADO ESTADUAL;UNIÃO;FEMININO;BRANCA
190002551539;MARIO CESAR ESTRELA;DEPUTADO FEDERAL;DEMOCRATA;MASCULINO;PARDA
190002537154;FABIANA SILVA DE SOUZA;DEPUTADO FEDERAL;AVANTE;FEMININO;BRANCA
190002537152;ELAINE CRISTINA DE BRITO FERNANDES;DEPUTADO FEDERAL;AVANTE;FEMININO;PRETA
190002541654;RENATA DE SOUZA RAMOS;DEPUTADO ESTADUAL;UNIÃO;FEMININO;PRETA
190002543518;IGOR NEVES OLIVEIRA;DEPUTADO FEDERAL;MISSÃO;MASCULINO;PARDA
190002534869;MICHELE SANTOS DO NASCIMENTO;DEPUTADO FEDERAL;SOLIDARIEDADE;FEMININO;PARDA
190002541661;PATRICIA BOAVENTURA DA SILVA EGIDIO;DEPUTADO ESTADUAL;UNIÃO;FEMININO;PRETA
190002540172;FELIPE MACEDO BRASILEIRO;DEPUTADO FEDERAL;PSD;MASCULINO;PRETA
190002538016;MARCIA DE SOUZA MACHADO MARTINS;DEPUTADO ESTADUAL;PSD;FEMININO;BRANCA
190002551545;ALEXANDER MATTOSO DA SILVA;DEPUTADO ESTADUAL;PSDB;MASCULINO;PARDA
190002543324;WILLIAM DE ALMEIDA MACEDO;DEPUTADO ESTADUAL;PT;MASCULINO;PARDA
190002541644;KAREN BARBOSA FLIESS DE CASTRO;DEPUTADO ESTADUAL;PP;FEMININO;PRETA
190002541633;CARLA SAAR SOARES;DEPUTADO ESTADUAL;PP;FEMININO;PARDA
190002547255;RICARDO CEDA DA SILVA;DEPUTADO FEDERAL;MOBILIZA;MASCULINO;BRANCA
190002547172;EVELYN MILEYDE DA SILVA BOMFIM;DEPUTADO ESTADUAL;MOBILIZA;FEMININO;PARDA
190002552521;LUIZ EUGENIO HONORATO;SENADOR;PCO;MASCULINO;PRETA
190002534675;WELBERT DE ALMEIDA PEDRO;DEPUTADO ESTADUAL;NOVO;MASCULINO;PARDA
190002554204;ERICA DOS SANTOS FERREIRA PIO;DEPUTADO ESTADUAL;DEMOCRATA;FEMININO;PARDA
190002552238;ROSELI SILVA DE OLIVEIRA;DEPUTADO ESTADUAL;DEMOCRATA;FEMININO;PRETA
190002552239;ANGELINA RESENDE GONZAGA MACHADO;DEPUTADO ESTADUAL;DEMOCRATA;FEMININO;BRANCA
190002551220;DANIEL DA CONCEICAO OLIVEIRA;DEPUTADO FEDERAL;DEMOCRATA;MASCULINO;PARDA
190002543100;ADELSON PEREIRA GUEDES;DEPUTADO FEDERAL;PT;MASCULINO;BRANCA
190002539654;LUCIANO RAMOS PINTO;DEPUTADO FEDERAL;PDT;MASCULINO;BRANCA
190002547258;CELIO VIANA;DEPUTADO FEDERAL;MOBILIZA;MASCULINO;PRETA
190002552244;LURDENY PONTES REIS DA COSTA;DEPUTADO ESTADUAL;DEMOCRATA;FEMININO;PRETA
190002552250;WALTER DA SILVA TORRES;DEPUTADO ESTADUAL;DEMOCRATA;MASCULINO;PRETA
190002552273;DANIELLE PONTES DA CRUZ BERTO;DEPUTADO ESTADUAL;DEMOCRATA;FEMININO;BRANCA
190002543295;INDIANARAE PEREIRA SIQUEIRA;DEPUTADO ESTADUAL;PT;FEMININO;INDÍGENA
190002552233;RODRIGO DAVID SIMPLICIO;DEPUTADO ESTADUAL;DEMOCRATA;MASCULINO;PARDA
190002552245;GERSON RODRIGUES DA SILVA;DEPUTADO ESTADUAL;DEMOCRATA;MASCULINO;PRETA
190002551532;ROBSON DA SILVA FORTUNA;DEPUTADO FEDERAL;DEMOCRATA;MASCULINO;BRANCA
190002551538;ANDREA DOS SANTOS MELLO;DEPUTADO FEDERAL;DEMOCRATA;FEMININO;PRETA
190002539334;EMANUEL MEIRELES PESSANHA;DEPUTADO FEDERAL;MDB;MASCULINO;BRANCA
190002539348;THIAGO DE OLIVEIRA XAVIER ROCHA;DEPUTADO FEDERAL;MDB;MASCULINO;BRANCA
190002539362;MAYCON DE FREITAS PEREIRA;DEPUTADO FEDERAL;MDB;MASCULINO;PARDA
190002538851;CARLA MARIA DE MORAES;DEPUTADO ESTADUAL;MDB;FEMININO;PRETA
190002534843;ELIZANGELA SANTOS PEREIRA DE SOUZA;DEPUTADO FEDERAL;SOLIDARIEDADE;FEMININO;PRETA
190002548272;JOAQUIM TEIXEIRA PORTELLA FILHO;DEPUTADO ESTADUAL;DC;MASCULINO;BRANCA
190002548316;PALOMA CORREA;DEPUTADO ESTADUAL;DC;FEMININO;BRANCA
190002538844;MARIANA DA GAMA LEITE POLYCARPO;DEPUTADO ESTADUAL;MDB;FEMININO;PRETA
190002536563;LUZIA CASSIA LOPES DE FIGUEIREDO;DEPUTADO ESTADUAL;AGIR;FEMININO;BRANCA
190002534868;RUI TOME DE SOUZA AGUIAR;DEPUTADO FEDERAL;PRD;MASCULINO;PARDA
190002543366;ROBSON ALVES DOS SANTOS;DEPUTADO FEDERAL;REPUBLICANOS;MASCULINO;PARDA
190002534837;MICHAEL ALEXANDRE GERVASIO;DEPUTADO FEDERAL;SOLIDARIEDADE;MASCULINO;PRETA
190002534064;RENATO DE ABREU;DEPUTADO ESTADUAL;SOLIDARIEDADE;MASCULINO;BRANCA
190002534871;LUIS CARLOS JORGE MARTA;DEPUTADO FEDERAL;SOLIDARIEDADE;MASCULINO;BRANCA
190002538035;GLORIA ELIZABETH COLOMBINO DE MALDONADO MARTINEZ FRUTOS;DEPUTADO ESTADUAL;PSD;FEMININO;BRANCA
190002550302;ETIENNE MENDONCA CIMINELLI;DEPUTADO ESTADUAL;PSDB;FEMININO;BRANCA
190002550275;FRANCISCO JOSE FALCAO JUNIOR;DEPUTADO ESTADUAL;PSDB;MASCULINO;PARDA
